"../../../Engine/Content/EditorResources/S_Actor.ubulk" 0
"../../../Engine/Content/EditorResources/S_Actor.uasset" 1
"../../../Engine/Content/EditorResources/S_Actor.uexp" 2
"../../../Engine/Content/EditorResources/S_BoxReflectionCapture.uasset" 3
"../../../Engine/Content/EditorResources/S_BoxReflectionCapture.uexp" 4
"../../../Engine/Content/EngineResources/DefaultTexture.ubulk" 5
"../../../Engine/Content/EngineResources/DefaultTexture.uasset" 6
"../../../Engine/Content/EngineResources/DefaultTexture.uexp" 7
"../../../Engine/Content/EngineResources/DefaultTextureCube.uasset" 8
"../../../Engine/Content/EngineResources/DefaultTextureCube.uexp" 9
"../../../Engine/Content/EngineResources/DefaultVolumeTexture2D.uasset" 10
"../../../Engine/Content/EngineResources/DefaultVolumeTexture2D.uexp" 11
"../../../Engine/Content/EngineResources/DefaultVolumeTexture.uasset" 12
"../../../Engine/Content/EngineResources/DefaultVolumeTexture.uexp" 13
"../../../Engine/Content/EditorResources/S_Trigger.ubulk" 14
"../../../Engine/Content/EditorResources/S_Trigger.uasset" 15
"../../../Engine/Content/EditorResources/S_Trigger.uexp" 16
"../../../Engine/Content/EditorResources/S_TriggerBox.uasset" 17
"../../../Engine/Content/EditorResources/S_TriggerBox.uexp" 18
"../../../Engine/Content/EditorResources/S_TriggerCapsule.uasset" 19
"../../../Engine/Content/EditorResources/S_TriggerCapsule.uexp" 20
"../../../Engine/Content/EditorResources/S_TriggerSphere.uasset" 21
"../../../Engine/Content/EditorResources/S_TriggerSphere.uexp" 22
"../../../Engine/Content/EngineMeshes/Sphere.ubulk" 23
"../../../Engine/Content/EngineMeshes/Sphere.uasset" 24
"../../../Engine/Content/EngineMeshes/Sphere.uexp" 25
"../../../Engine/Content/EngineResources/GradientTexture0.uasset" 26
"../../../Engine/Content/EngineResources/GradientTexture0.uexp" 27
"../../../Engine/Content/EngineResources/Black.uasset" 28
"../../../Engine/Content/EngineResources/Black.uexp" 29
"../../../Engine/Content/VREditor/LaserPointer/VR_LaserPower_01.ubulk" 30
"../../../Engine/Content/VREditor/LaserPointer/VR_LaserPower_01.uasset" 31
"../../../Engine/Content/VREditor/LaserPointer/VR_LaserPower_01.uexp" 32
"../../../Engine/Content/VREditor/TransformGizmo/TransformGizmoMaterial.uasset" 33
"../../../Engine/Content/VREditor/TransformGizmo/TransformGizmoMaterial.uexp" 34
"../../../Engine/Content/VREditor/TransformGizmo/TranslucentTransformGizmoMaterial.uasset" 35
"../../../Engine/Content/VREditor/TransformGizmo/TranslucentTransformGizmoMaterial.uexp" 36
"../../../Engine/Content/VREditor/TransformGizmo/BoundingBoxCorner.ubulk" 37
"../../../Engine/Content/VREditor/TransformGizmo/BoundingBoxCorner.uasset" 38
"../../../Engine/Content/VREditor/TransformGizmo/BoundingBoxCorner.uexp" 39
"../../../Engine/Content/VREditor/TransformGizmo/BoundingBoxEdge.ubulk" 40
"../../../Engine/Content/VREditor/TransformGizmo/BoundingBoxEdge.uasset" 41
"../../../Engine/Content/VREditor/TransformGizmo/BoundingBoxEdge.uexp" 42
"../../../Engine/Content/VREditor/TransformGizmo/Main.uasset" 43
"../../../Engine/Content/VREditor/TransformGizmo/Main.uexp" 44
"../../../Engine/Content/VREditor/TransformGizmo/Xray.uasset" 45
"../../../Engine/Content/VREditor/TransformGizmo/Xray.uexp" 46
"../../../Engine/Content/VREditor/TransformGizmo/SM_Sequencer_Node.ubulk" 47
"../../../Engine/Content/VREditor/TransformGizmo/SM_Sequencer_Node.uasset" 48
"../../../Engine/Content/VREditor/TransformGizmo/SM_Sequencer_Node.uexp" 49
"../../../Engine/Content/EditorResources/S_Solver.ubulk" 50
"../../../Engine/Content/EditorResources/S_Solver.uasset" 51
"../../../Engine/Content/EditorResources/S_Solver.uexp" 52
"../../../Engine/Content/EditorMaterials/Camera/CineMat.uasset" 53
"../../../Engine/Content/EditorMaterials/Camera/CineMat.uexp" 54
"../../../Engine/Content/EditorMaterials/Camera/MI_CineMat_Rig.uasset" 55
"../../../Engine/Content/EditorMaterials/Camera/MI_CineMat_Rig.uexp" 56
"../../../Engine/Content/EditorMeshes/Camera/SM_CraneRig_Base.ubulk" 57
"../../../Engine/Content/EditorMeshes/Camera/SM_CraneRig_Base.uasset" 58
"../../../Engine/Content/EditorMeshes/Camera/SM_CraneRig_Base.uexp" 59
"../../../Engine/Content/EditorMeshes/Camera/SM_CraneRig_Arm.ubulk" 60
"../../../Engine/Content/EditorMeshes/Camera/SM_CraneRig_Arm.uasset" 61
"../../../Engine/Content/EditorMeshes/Camera/SM_CraneRig_Arm.uexp" 62
"../../../Engine/Content/EditorMeshes/Camera/SM_CraneRig_Mount.ubulk" 63
"../../../Engine/Content/EditorMeshes/Camera/SM_CraneRig_Mount.uasset" 64
"../../../Engine/Content/EditorMeshes/Camera/SM_CraneRig_Mount.uexp" 65
"../../../Engine/Content/EditorMeshes/Camera/SM_CraneRig_Body.ubulk" 66
"../../../Engine/Content/EditorMeshes/Camera/SM_CraneRig_Body.uasset" 67
"../../../Engine/Content/EditorMeshes/Camera/SM_CraneRig_Body.uexp" 68
"../../../Engine/Content/EditorMeshes/Camera/SM_RailRig_Track.ubulk" 69
"../../../Engine/Content/EditorMeshes/Camera/SM_RailRig_Track.uasset" 70
"../../../Engine/Content/EditorMeshes/Camera/SM_RailRig_Track.uexp" 71
"../../../Engine/Content/EditorMeshes/Camera/SM_RailRig_Mount.ubulk" 72
"../../../Engine/Content/EditorMeshes/Camera/SM_RailRig_Mount.uasset" 73
"../../../Engine/Content/EditorMeshes/Camera/SM_RailRig_Mount.uexp" 74
"../../../Engine/Content/EngineMaterials/T_Default_Material_Grid_M.ubulk" 75
"../../../Engine/Content/EngineMaterials/T_Default_Material_Grid_M.uasset" 76
"../../../Engine/Content/EngineMaterials/T_Default_Material_Grid_M.uexp" 77
"../../../Engine/Content/EngineMaterials/T_Default_Material_Grid_N.ubulk" 78
"../../../Engine/Content/EngineMaterials/T_Default_Material_Grid_N.uasset" 79
"../../../Engine/Content/EngineMaterials/T_Default_Material_Grid_N.uexp" 80
"../../../Engine/Content/Functions/Engine_MaterialFunctions01/Opacity/CameraDepthFade.uasset" 81
"../../../Engine/Content/Functions/Engine_MaterialFunctions01/Opacity/CameraDepthFade.uexp" 82
"../../../Engine/Content/EngineMaterials/WorldGridMaterial.uasset" 83
"../../../Engine/Content/EngineMaterials/WorldGridMaterial.uexp" 84
"../../../Engine/Content/ArtTools/RenderToTexture/Meshes/S_1_Unit_Plane.ubulk" 85
"../../../Engine/Content/ArtTools/RenderToTexture/Meshes/S_1_Unit_Plane.uasset" 86
"../../../Engine/Content/ArtTools/RenderToTexture/Meshes/S_1_Unit_Plane.uexp" 87
"../../../Engine/Content/EditorMaterials/ParticleSystems/PSysThumbnail_NoImage.ubulk" 88
"../../../Engine/Content/EditorMaterials/ParticleSystems/PSysThumbnail_NoImage.uasset" 89
"../../../Engine/Content/EditorMaterials/ParticleSystems/PSysThumbnail_NoImage.uexp" 90
"../../../Engine/Content/EditorMaterials/ParticleSystems/PSysThumbnail_OOD.ubulk" 91
"../../../Engine/Content/EditorMaterials/ParticleSystems/PSysThumbnail_OOD.uasset" 92
"../../../Engine/Content/EditorMaterials/ParticleSystems/PSysThumbnail_OOD.uexp" 93
"../../../Engine/Content/EditorLandscapeResources/SplineEditorMeshMat.uasset" 94
"../../../Engine/Content/EditorLandscapeResources/SplineEditorMeshMat.uexp" 95
"../../../Engine/Content/EditorLandscapeResources/SplineEditorMesh.ubulk" 96
"../../../Engine/Content/EditorLandscapeResources/SplineEditorMesh.uasset" 97
"../../../Engine/Content/EditorLandscapeResources/SplineEditorMesh.uexp" 98
"../../../Engine/Plugins/Media/MediaPlate/Content/SM_MediaPlateScreen.ubulk" 99
"../../../Engine/Plugins/Media/MediaPlate/Content/SM_MediaPlateScreen.uasset" 100
"../../../Engine/Plugins/Media/MediaPlate/Content/SM_MediaPlateScreen.uexp" 101
"../../../Engine/Content/EngineMaterials/DefaultBokeh.uasset" 102
"../../../Engine/Content/EngineMaterials/DefaultBokeh.uexp" 103
"../../../Engine/Content/EngineMaterials/MiniFont.uasset" 104
"../../../Engine/Content/EngineMaterials/MiniFont.uexp" 105
"../../../Engine/Content/EngineMaterials/WeightMapPlaceholderTexture.uasset" 106
"../../../Engine/Content/EngineMaterials/WeightMapPlaceholderTexture.uexp" 107
"../../../Engine/Content/EngineMaterials/WeightMapArrayPlaceholderTexture.uasset" 108
"../../../Engine/Content/EngineMaterials/WeightMapArrayPlaceholderTexture.uexp" 109
"../../../Engine/Content/EngineMaterials/DefaultWhiteGrid.ubulk" 110
"../../../Engine/Content/EngineMaterials/DefaultWhiteGrid.uasset" 111
"../../../Engine/Content/EngineMaterials/DefaultWhiteGrid.uexp" 112
"../../../Engine/Content/EngineMaterials/PreintegratedSkinBRDF.uasset" 113
"../../../Engine/Content/EngineMaterials/PreintegratedSkinBRDF.uexp" 114
"../../../Engine/Content/Functions/Engine_MaterialFunctions02/WorldPositionOffset/CameraOffset.uasset" 115
"../../../Engine/Content/Functions/Engine_MaterialFunctions02/WorldPositionOffset/CameraOffset.uexp" 116
"../../../Engine/Plugins/Animation/ControlRig/Content/M_Manip.uasset" 117
"../../../Engine/Plugins/Animation/ControlRig/Content/M_Manip.uexp" 118
"../../../Engine/Plugins/Animation/ACLPlugin/Content/ACLAnimCurveCompressionSettings.uasset" 119
"../../../Engine/Plugins/Animation/ACLPlugin/Content/ACLAnimCurveCompressionSettings.uexp" 120
"../../../Engine/Plugins/Animation/ACLPlugin/Content/ACLAnimBoneCompressionSettings.uasset" 121
"../../../Engine/Plugins/Animation/ACLPlugin/Content/ACLAnimBoneCompressionSettings.uexp" 122
"../../../Engine/Plugins/2D/Paper2D/Content/PlaceholderTextures/DummySpriteTexture.ubulk" 123
"../../../Engine/Plugins/2D/Paper2D/Content/PlaceholderTextures/DummySpriteTexture.uasset" 124
"../../../Engine/Plugins/2D/Paper2D/Content/PlaceholderTextures/DummySpriteTexture.uexp" 125
"../../../Engine/Plugins/2D/Paper2D/Content/DefaultSpriteMaterial.uasset" 126
"../../../Engine/Plugins/2D/Paper2D/Content/DefaultSpriteMaterial.uexp" 127
"../../../Engine/Plugins/2D/Paper2D/Content/OpaqueUnlitSpriteMaterial.uasset" 128
"../../../Engine/Plugins/2D/Paper2D/Content/OpaqueUnlitSpriteMaterial.uexp" 129
"../../../Engine/Plugins/2D/Paper2D/Content/DummySprite.uasset" 130
"../../../Engine/Plugins/2D/Paper2D/Content/DummySprite.uexp" 131
"../../../Engine/Plugins/2D/Paper2D/Content/DefaultPaperTerrainMaterial.uasset" 132
"../../../Engine/Plugins/2D/Paper2D/Content/DefaultPaperTerrainMaterial.uexp" 133
"../../../Engine/Content/EngineMaterials/DefaultMaterial.uasset" 134
"../../../Engine/Content/EngineMaterials/DefaultMaterial.uexp" 135
"../../../Engine/Content/BasicShapes/Sphere.ubulk" 136
"../../../Engine/Content/BasicShapes/Sphere.uasset" 137
"../../../Engine/Content/BasicShapes/Sphere.uexp" 138
"../../../Engine/Content/BasicShapes/Cylinder.ubulk" 139
"../../../Engine/Content/BasicShapes/Cylinder.uasset" 140
"../../../Engine/Content/BasicShapes/Cylinder.uexp" 141
"../../../Engine/Content/BasicShapes/Cube.ubulk" 142
"../../../Engine/Content/BasicShapes/Cube.uasset" 143
"../../../Engine/Content/BasicShapes/Cube.uexp" 144
"../../../Engine/Content/BasicShapes/Cone.ubulk" 145
"../../../Engine/Content/BasicShapes/Cone.uasset" 146
"../../../Engine/Content/BasicShapes/Cone.uexp" 147
"../../../Engine/Content/BasicShapes/BasicShapeMaterial.uasset" 148
"../../../Engine/Content/BasicShapes/BasicShapeMaterial.uexp" 149
"../../../Engine/Content/Animation/DefaultVariableFrameStrippingSettings.uasset" 150
"../../../Engine/Content/Animation/DefaultVariableFrameStrippingSettings.uexp" 151
"../../../Engine/Content/Animation/DefaultRecorderBoneCompression.uasset" 152
"../../../Engine/Content/Animation/DefaultRecorderBoneCompression.uexp" 153
"../../../Engine/Content/EditorMaterials/PreviewShadowIndicator.ubulk" 154
"../../../Engine/Content/EditorMaterials/PreviewShadowIndicator.uasset" 155
"../../../Engine/Content/EditorMaterials/PreviewShadowIndicator.uexp" 156
"../../../Engine/Content/EditorMaterials/PreviewShadowIndicatorMaterial.uasset" 157
"../../../Engine/Content/EditorMaterials/PreviewShadowIndicatorMaterial.uexp" 158
"../../../Engine/Content/EditorMaterials/PhAT_UnselectedMaterial.uasset" 159
"../../../Engine/Content/EditorMaterials/PhAT_UnselectedMaterial.uexp" 160
"../../../Engine/Content/EditorMaterials/PhAT_NoCollisionMaterial.uasset" 161
"../../../Engine/Content/EditorMaterials/PhAT_NoCollisionMaterial.uexp" 162
"../../../Engine/Content/EditorLandscapeResources/DefaultAlphaTexture.uasset" 163
"../../../Engine/Content/EditorLandscapeResources/DefaultAlphaTexture.uexp" 164
"../../../Engine/Content/EditorLandscapeResources/DataLayer.uasset" 165
"../../../Engine/Content/EditorLandscapeResources/DataLayer.uexp" 166
"../../../Engine/Plugins/Editor/SpeedTreeImporter/Content/SpeedTree9/game_wind_noise.ubulk" 167
"../../../Engine/Plugins/Editor/SpeedTreeImporter/Content/SpeedTree9/game_wind_noise.uasset" 168
"../../../Engine/Plugins/Editor/SpeedTreeImporter/Content/SpeedTree9/game_wind_noise.uexp" 169
"../../../Engine/Plugins/Editor/SpeedTreeImporter/Content/SpeedTree9/UnpackDirection.uasset" 170
"../../../Engine/Plugins/Editor/SpeedTreeImporter/Content/SpeedTree9/UnpackDirection.uexp" 171
"../../../Engine/Content/Functions/Engine_MaterialFunctions02/ObjectLocalBounds.uasset" 172
"../../../Engine/Content/Functions/Engine_MaterialFunctions02/ObjectLocalBounds.uexp" 173
"../../../Engine/Content/Functions/Engine_MaterialFunctions02/Utility/BreakOutFloat3Components.uasset" 174
"../../../Engine/Content/Functions/Engine_MaterialFunctions02/Utility/BreakOutFloat3Components.uexp" 175
"../../../Engine/Content/Functions/Engine_MaterialFunctions02/UVs/BoundingBoxBased_0-1_UVW.uasset" 176
"../../../Engine/Content/Functions/Engine_MaterialFunctions02/UVs/BoundingBoxBased_0-1_UVW.uexp" 177
"../../../Engine/Content/Functions/Engine_MaterialFunctions02/Utility/VectorLength.uasset" 178
"../../../Engine/Content/Functions/Engine_MaterialFunctions02/Utility/VectorLength.uexp" 179
"../../../Engine/Plugins/Editor/SpeedTreeImporter/Content/SpeedTree9/UnpackInteger3.uasset" 180
"../../../Engine/Plugins/Editor/SpeedTreeImporter/Content/SpeedTree9/UnpackInteger3.uexp" 181
"../../../Engine/Plugins/Editor/SpeedTreeImporter/Content/SpeedTree9/SpeedTreeCameraFacing.uasset" 182
"../../../Engine/Plugins/Editor/SpeedTreeImporter/Content/SpeedTree9/SpeedTreeCameraFacing.uexp" 183
"../../../Engine/Content/Functions/Engine_MaterialFunctions02/WorldPositionOffset/ObjectScale.uasset" 184
"../../../Engine/Content/Functions/Engine_MaterialFunctions02/WorldPositionOffset/ObjectScale.uexp" 185
"../../../Engine/Content/Functions/Engine_MaterialFunctions02/SafeNormalize.uasset" 186
"../../../Engine/Content/Functions/Engine_MaterialFunctions02/SafeNormalize.uexp" 187
"../../../Engine/Plugins/Editor/SpeedTreeImporter/Content/SpeedTree9/SpeedTreeWindMotion.uasset" 188
"../../../Engine/Plugins/Editor/SpeedTreeImporter/Content/SpeedTree9/SpeedTreeWindMotion.uexp" 189
"../../../Engine/Plugins/Editor/SpeedTreeImporter/Content/SpeedTree9/SpeedTreeBranchMotion.uasset" 190
"../../../Engine/Plugins/Editor/SpeedTreeImporter/Content/SpeedTree9/SpeedTreeBranchMotion.uexp" 191
"../../../Engine/Plugins/Editor/SpeedTreeImporter/Content/SpeedTree9/SpeedTreeWind.uasset" 192
"../../../Engine/Plugins/Editor/SpeedTreeImporter/Content/SpeedTree9/SpeedTreeWind.uexp" 193
"../../../Engine/Plugins/Editor/SpeedTreeImporter/Content/SpeedTree9/EmptyNormal.uasset" 194
"../../../Engine/Plugins/Editor/SpeedTreeImporter/Content/SpeedTree9/EmptyNormal.uexp" 195
"../../../Engine/Plugins/Editor/SpeedTreeImporter/Content/SpeedTree9/Empty.uasset" 196
"../../../Engine/Plugins/Editor/SpeedTreeImporter/Content/SpeedTree9/Empty.uexp" 197
"../../../Engine/Plugins/Editor/SpeedTreeImporter/Content/SpeedTree9/SpeedTreeMaster.uasset" 198
"../../../Engine/Plugins/Editor/SpeedTreeImporter/Content/SpeedTree9/SpeedTreeMaster.uexp" 199
"../../../Engine/Plugins/Editor/SpeedTreeImporter/Content/SpeedTree9/SpeedTreeBillboard.uasset" 200
"../../../Engine/Plugins/Editor/SpeedTreeImporter/Content/SpeedTree9/SpeedTreeBillboard.uexp" 201
"../../../Engine/Plugins/Editor/SpeedTreeImporter/Content/SpeedTree9/SpeedTreeBillboardMaster.uasset" 202
"../../../Engine/Plugins/Editor/SpeedTreeImporter/Content/SpeedTree9/SpeedTreeBillboardMaster.uexp" 203
"../../../Engine/Plugins/Animation/ControlRig/Content/Controls/DefaultGizmoLibraryNormalized.uasset" 204
"../../../Engine/Plugins/Animation/ControlRig/Content/Controls/DefaultGizmoLibraryNormalized.uexp" 205
"../../../Engine/Plugins/Animation/ControlRig/Content/Controls/ControlRig_Wedge_solid.ubulk" 206
"../../../Engine/Plugins/Animation/ControlRig/Content/Controls/ControlRig_Wedge_solid.uasset" 207
"../../../Engine/Plugins/Animation/ControlRig/Content/Controls/ControlRig_Wedge_solid.uexp" 208
"../../../Engine/Plugins/Animation/ControlRig/Content/Controls/ControlRig_Wedge_3mm.ubulk" 209
"../../../Engine/Plugins/Animation/ControlRig/Content/Controls/ControlRig_Wedge_3mm.uasset" 210
"../../../Engine/Plugins/Animation/ControlRig/Content/Controls/ControlRig_Wedge_3mm.uexp" 211
"../../../Engine/Plugins/Animation/ControlRig/Content/Controls/ControlRig_Wedge_1mm.ubulk" 212
"../../../Engine/Plugins/Animation/ControlRig/Content/Controls/ControlRig_Wedge_1mm.uasset" 213
"../../../Engine/Plugins/Animation/ControlRig/Content/Controls/ControlRig_Wedge_1mm.uexp" 214
"../../../Engine/Plugins/Animation/ControlRig/Content/Controls/ControlRig_Triangle_solid.ubulk" 215
"../../../Engine/Plugins/Animation/ControlRig/Content/Controls/ControlRig_Triangle_solid.uasset" 216
"../../../Engine/Plugins/Animation/ControlRig/Content/Controls/ControlRig_Triangle_solid.uexp" 217
"../../../Engine/Plugins/Animation/ControlRig/Content/Controls/ControlRig_Triangle_3mm.ubulk" 218
"../../../Engine/Plugins/Animation/ControlRig/Content/Controls/ControlRig_Triangle_3mm.uasset" 219
"../../../Engine/Plugins/Animation/ControlRig/Content/Controls/ControlRig_Triangle_3mm.uexp" 220
"../../../Engine/Plugins/Animation/ControlRig/Content/Controls/ControlRig_Triangle_1mm.ubulk" 221
"../../../Engine/Plugins/Animation/ControlRig/Content/Controls/ControlRig_Triangle_1mm.uasset" 222
"../../../Engine/Plugins/Animation/ControlRig/Content/Controls/ControlRig_Triangle_1mm.uexp" 223
"../../../Engine/Plugins/Animation/ControlRig/Content/Controls/ControlRig_Star4_solid.ubulk" 224
"../../../Engine/Plugins/Animation/ControlRig/Content/Controls/ControlRig_Star4_solid.uasset" 225
"../../../Engine/Plugins/Animation/ControlRig/Content/Controls/ControlRig_Star4_solid.uexp" 226
"../../../Engine/Plugins/Animation/ControlRig/Content/Controls/ControlRig_Star4_3mm.ubulk" 227
"../../../Engine/Plugins/Animation/ControlRig/Content/Controls/ControlRig_Star4_3mm.uasset" 228
"../../../Engine/Plugins/Animation/ControlRig/Content/Controls/ControlRig_Star4_3mm.uexp" 229
"../../../Engine/Plugins/Animation/ControlRig/Content/Controls/ControlRig_Star4_1mm.ubulk" 230
"../../../Engine/Plugins/Animation/ControlRig/Content/Controls/ControlRig_Star4_1mm.uasset" 231
"../../../Engine/Plugins/Animation/ControlRig/Content/Controls/ControlRig_Star4_1mm.uexp" 232
"../../../Engine/Plugins/Animation/ControlRig/Content/Controls/ControlRig_Square_solid.ubulk" 233
"../../../Engine/Plugins/Animation/ControlRig/Content/Controls/ControlRig_Square_solid.uasset" 234
"../../../Engine/Plugins/Animation/ControlRig/Content/Controls/ControlRig_Square_solid.uexp" 235
"../../../Engine/Plugins/Animation/ControlRig/Content/Controls/ControlRig_Square_3mm.ubulk" 236
"../../../Engine/Plugins/Animation/ControlRig/Content/Controls/ControlRig_Square_3mm.uasset" 237
"../../../Engine/Plugins/Animation/ControlRig/Content/Controls/ControlRig_Square_3mm.uexp" 238
"../../../Engine/Plugins/Animation/ControlRig/Content/Controls/ControlRig_Square_1mm.ubulk" 239
"../../../Engine/Plugins/Animation/ControlRig/Content/Controls/ControlRig_Square_1mm.uasset" 240
"../../../Engine/Plugins/Animation/ControlRig/Content/Controls/ControlRig_Square_1mm.uexp" 241
"../../../Engine/Plugins/Animation/ControlRig/Content/Controls/ControlRig_Sphere_solid.ubulk" 242
"../../../Engine/Plugins/Animation/ControlRig/Content/Controls/ControlRig_Sphere_solid.uasset" 243
"../../../Engine/Plugins/Animation/ControlRig/Content/Controls/ControlRig_Sphere_solid.uexp" 244
"../../../Engine/Plugins/Animation/ControlRig/Content/Controls/ControlRig_Sphere_3mm.ubulk" 245
"../../../Engine/Plugins/Animation/ControlRig/Content/Controls/ControlRig_Sphere_3mm.uasset" 246
"../../../Engine/Plugins/Animation/ControlRig/Content/Controls/ControlRig_Sphere_3mm.uexp" 247
"../../../Engine/Plugins/Animation/ControlRig/Content/Controls/ControlRig_Sphere_1mm.ubulk" 248
"../../../Engine/Plugins/Animation/ControlRig/Content/Controls/ControlRig_Sphere_1mm.uasset" 249
"../../../Engine/Plugins/Animation/ControlRig/Content/Controls/ControlRig_Sphere_1mm.uexp" 250
"../../../Engine/Plugins/Animation/ControlRig/Content/Controls/ControlRig_RoundedTriangle_solid.ubulk" 251
"../../../Engine/Plugins/Animation/ControlRig/Content/Controls/ControlRig_RoundedTriangle_solid.uasset" 252
"../../../Engine/Plugins/Animation/ControlRig/Content/Controls/ControlRig_RoundedTriangle_solid.uexp" 253
"../../../Engine/Plugins/Animation/ControlRig/Content/Controls/ControlRig_RoundedTriangle_3mm.ubulk" 254
"../../../Engine/Plugins/Animation/ControlRig/Content/Controls/ControlRig_RoundedTriangle_3mm.uasset" 255
"../../../Engine/Plugins/Animation/ControlRig/Content/Controls/ControlRig_RoundedTriangle_3mm.uexp" 256
"../../../Engine/Plugins/Animation/ControlRig/Content/Controls/ControlRig_RoundedTriangle_1mm.ubulk" 257
"../../../Engine/Plugins/Animation/ControlRig/Content/Controls/ControlRig_RoundedTriangle_1mm.uasset" 258
"../../../Engine/Plugins/Animation/ControlRig/Content/Controls/ControlRig_RoundedTriangle_1mm.uexp" 259
"../../../Engine/Plugins/Animation/ControlRig/Content/Controls/ControlRig_RoundedSquare_solid.ubulk" 260
"../../../Engine/Plugins/Animation/ControlRig/Content/Controls/ControlRig_RoundedSquare_solid.uasset" 261
"../../../Engine/Plugins/Animation/ControlRig/Content/Controls/ControlRig_RoundedSquare_solid.uexp" 262
"../../../Engine/Plugins/Animation/ControlRig/Content/Controls/ControlRig_RoundedSquare_3mm.ubulk" 263
"../../../Engine/Plugins/Animation/ControlRig/Content/Controls/ControlRig_RoundedSquare_3mm.uasset" 264
"../../../Engine/Plugins/Animation/ControlRig/Content/Controls/ControlRig_RoundedSquare_3mm.uexp" 265
"../../../Engine/Plugins/Animation/ControlRig/Content/Controls/ControlRig_RoundedSquare_1mm.ubulk" 266
"../../../Engine/Plugins/Animation/ControlRig/Content/Controls/ControlRig_RoundedSquare_1mm.uasset" 267
"../../../Engine/Plugins/Animation/ControlRig/Content/Controls/ControlRig_RoundedSquare_1mm.uexp" 268
"../../../Engine/Plugins/Animation/ControlRig/Content/Controls/ControlRig_QuarterCircle_solid.ubulk" 269
"../../../Engine/Plugins/Animation/ControlRig/Content/Controls/ControlRig_QuarterCircle_solid.uasset" 270
"../../../Engine/Plugins/Animation/ControlRig/Content/Controls/ControlRig_QuarterCircle_solid.uexp" 271
"../../../Engine/Plugins/Animation/ControlRig/Content/Controls/ControlRig_QuarterCircle_3mm.ubulk" 272
"../../../Engine/Plugins/Animation/ControlRig/Content/Controls/ControlRig_QuarterCircle_3mm.uasset" 273
"../../../Engine/Plugins/Animation/ControlRig/Content/Controls/ControlRig_QuarterCircle_3mm.uexp" 274
"../../../Engine/Plugins/Animation/ControlRig/Content/Controls/ControlRig_QuarterCircle_1mm.ubulk" 275
"../../../Engine/Plugins/Animation/ControlRig/Content/Controls/ControlRig_QuarterCircle_1mm.uasset" 276
"../../../Engine/Plugins/Animation/ControlRig/Content/Controls/ControlRig_QuarterCircle_1mm.uexp" 277
"../../../Engine/Plugins/Animation/ControlRig/Content/Controls/ControlRig_Pyramid_solid.ubulk" 278
"../../../Engine/Plugins/Animation/ControlRig/Content/Controls/ControlRig_Pyramid_solid.uasset" 279
"../../../Engine/Plugins/Animation/ControlRig/Content/Controls/ControlRig_Pyramid_solid.uexp" 280
"../../../Engine/Plugins/Animation/ControlRig/Content/Controls/ControlRig_Pyramid_3mm.ubulk" 281
"../../../Engine/Plugins/Animation/ControlRig/Content/Controls/ControlRig_Pyramid_3mm.uasset" 282
"../../../Engine/Plugins/Animation/ControlRig/Content/Controls/ControlRig_Pyramid_3mm.uexp" 283
"../../../Engine/Plugins/Animation/ControlRig/Content/Controls/ControlRig_Pyramid_1mm.ubulk" 284
"../../../Engine/Plugins/Animation/ControlRig/Content/Controls/ControlRig_Pyramid_1mm.uasset" 285
"../../../Engine/Plugins/Animation/ControlRig/Content/Controls/ControlRig_Pyramid_1mm.uexp" 286
"../../../Engine/Plugins/Animation/ControlRig/Content/Controls/ControlRig_Octagon_solid.ubulk" 287
"../../../Engine/Plugins/Animation/ControlRig/Content/Controls/ControlRig_Octagon_solid.uasset" 288
"../../../Engine/Plugins/Animation/ControlRig/Content/Controls/ControlRig_Octagon_solid.uexp" 289
"../../../Engine/Plugins/Animation/ControlRig/Content/Controls/ControlRig_Octagon_3mm.ubulk" 290
"../../../Engine/Plugins/Animation/ControlRig/Content/Controls/ControlRig_Octagon_3mm.uasset" 291
"../../../Engine/Plugins/Animation/ControlRig/Content/Controls/ControlRig_Octagon_3mm.uexp" 292
"../../../Engine/Plugins/Animation/ControlRig/Content/Controls/ControlRig_Octagon_1mm.ubulk" 293
"../../../Engine/Plugins/Animation/ControlRig/Content/Controls/ControlRig_Octagon_1mm.uasset" 294
"../../../Engine/Plugins/Animation/ControlRig/Content/Controls/ControlRig_Octagon_1mm.uexp" 295
"../../../Engine/Plugins/Animation/ControlRig/Content/Controls/ControlRig_Hexagon_solid.ubulk" 296
"../../../Engine/Plugins/Animation/ControlRig/Content/Controls/ControlRig_Hexagon_solid.uasset" 297
"../../../Engine/Plugins/Animation/ControlRig/Content/Controls/ControlRig_Hexagon_solid.uexp" 298
"../../../Engine/Plugins/Animation/ControlRig/Content/Controls/ControlRig_Hexagon_3mm.ubulk" 299
"../../../Engine/Plugins/Animation/ControlRig/Content/Controls/ControlRig_Hexagon_3mm.uasset" 300
"../../../Engine/Plugins/Animation/ControlRig/Content/Controls/ControlRig_Hexagon_3mm.uexp" 301
"../../../Engine/Plugins/Animation/ControlRig/Content/Controls/ControlRig_Hexagon_1mm.ubulk" 302
"../../../Engine/Plugins/Animation/ControlRig/Content/Controls/ControlRig_Hexagon_1mm.uasset" 303
"../../../Engine/Plugins/Animation/ControlRig/Content/Controls/ControlRig_Hexagon_1mm.uexp" 304
"../../../Engine/Plugins/Animation/ControlRig/Content/Controls/ControlRig_HalfCircle_solid.ubulk" 305
"../../../Engine/Plugins/Animation/ControlRig/Content/Controls/ControlRig_HalfCircle_solid.uasset" 306
"../../../Engine/Plugins/Animation/ControlRig/Content/Controls/ControlRig_HalfCircle_solid.uexp" 307
"../../../Engine/Plugins/Animation/ControlRig/Content/Controls/ControlRig_HalfCircle_3mm.ubulk" 308
"../../../Engine/Plugins/Animation/ControlRig/Content/Controls/ControlRig_HalfCircle_3mm.uasset" 309
"../../../Engine/Plugins/Animation/ControlRig/Content/Controls/ControlRig_HalfCircle_3mm.uexp" 310
"../../../Engine/Plugins/Animation/ControlRig/Content/Controls/ControlRig_HalfCircle_1mm.ubulk" 311
"../../../Engine/Plugins/Animation/ControlRig/Content/Controls/ControlRig_HalfCircle_1mm.uasset" 312
"../../../Engine/Plugins/Animation/ControlRig/Content/Controls/ControlRig_HalfCircle_1mm.uexp" 313
"../../../Engine/Plugins/Animation/ControlRig/Content/Controls/ControlRig_Diamond_solid.ubulk" 314
"../../../Engine/Plugins/Animation/ControlRig/Content/Controls/ControlRig_Diamond_solid.uasset" 315
"../../../Engine/Plugins/Animation/ControlRig/Content/Controls/ControlRig_Diamond_solid.uexp" 316
"../../../Engine/Plugins/Animation/ControlRig/Content/Controls/ControlRig_Diamond_3mm.ubulk" 317
"../../../Engine/Plugins/Animation/ControlRig/Content/Controls/ControlRig_Diamond_3mm.uasset" 318
"../../../Engine/Plugins/Animation/ControlRig/Content/Controls/ControlRig_Diamond_3mm.uexp" 319
"../../../Engine/Plugins/Animation/ControlRig/Content/Controls/ControlRig_Diamond_1mm.ubulk" 320
"../../../Engine/Plugins/Animation/ControlRig/Content/Controls/ControlRig_Diamond_1mm.uasset" 321
"../../../Engine/Plugins/Animation/ControlRig/Content/Controls/ControlRig_Diamond_1mm.uexp" 322
"../../../Engine/Plugins/Animation/ControlRig/Content/Controls/ControlRig_Circle_solid.ubulk" 323
"../../../Engine/Plugins/Animation/ControlRig/Content/Controls/ControlRig_Circle_solid.uasset" 324
"../../../Engine/Plugins/Animation/ControlRig/Content/Controls/ControlRig_Circle_solid.uexp" 325
"../../../Engine/Plugins/Animation/ControlRig/Content/Controls/ControlRig_Circle_3mm.ubulk" 326
"../../../Engine/Plugins/Animation/ControlRig/Content/Controls/ControlRig_Circle_3mm.uasset" 327
"../../../Engine/Plugins/Animation/ControlRig/Content/Controls/ControlRig_Circle_3mm.uexp" 328
"../../../Engine/Plugins/Animation/ControlRig/Content/Controls/ControlRig_Circle_1mm.ubulk" 329
"../../../Engine/Plugins/Animation/ControlRig/Content/Controls/ControlRig_Circle_1mm.uasset" 330
"../../../Engine/Plugins/Animation/ControlRig/Content/Controls/ControlRig_Circle_1mm.uexp" 331
"../../../Engine/Plugins/Animation/ControlRig/Content/Controls/ControlRig_Box_solid.ubulk" 332
"../../../Engine/Plugins/Animation/ControlRig/Content/Controls/ControlRig_Box_solid.uasset" 333
"../../../Engine/Plugins/Animation/ControlRig/Content/Controls/ControlRig_Box_solid.uexp" 334
"../../../Engine/Plugins/Animation/ControlRig/Content/Controls/ControlRig_Box_3mm.ubulk" 335
"../../../Engine/Plugins/Animation/ControlRig/Content/Controls/ControlRig_Box_3mm.uasset" 336
"../../../Engine/Plugins/Animation/ControlRig/Content/Controls/ControlRig_Box_3mm.uexp" 337
"../../../Engine/Plugins/Animation/ControlRig/Content/Controls/ControlRig_Box_1mm.ubulk" 338
"../../../Engine/Plugins/Animation/ControlRig/Content/Controls/ControlRig_Box_1mm.uasset" 339
"../../../Engine/Plugins/Animation/ControlRig/Content/Controls/ControlRig_Box_1mm.uexp" 340
"../../../Engine/Plugins/Animation/ControlRig/Content/Controls/ControlRig_Arrow_solid.ubulk" 341
"../../../Engine/Plugins/Animation/ControlRig/Content/Controls/ControlRig_Arrow_solid.uasset" 342
"../../../Engine/Plugins/Animation/ControlRig/Content/Controls/ControlRig_Arrow_solid.uexp" 343
"../../../Engine/Plugins/Animation/ControlRig/Content/Controls/ControlRig_Arrow_3mm.ubulk" 344
"../../../Engine/Plugins/Animation/ControlRig/Content/Controls/ControlRig_Arrow_3mm.uasset" 345
"../../../Engine/Plugins/Animation/ControlRig/Content/Controls/ControlRig_Arrow_3mm.uexp" 346
"../../../Engine/Plugins/Animation/ControlRig/Content/Controls/ControlRig_Arrow_1mm.ubulk" 347
"../../../Engine/Plugins/Animation/ControlRig/Content/Controls/ControlRig_Arrow_1mm.uasset" 348
"../../../Engine/Plugins/Animation/ControlRig/Content/Controls/ControlRig_Arrow_1mm.uexp" 349
"../../../Engine/Plugins/Animation/ControlRig/Content/Controls/ControlRig_Arrow4_solid.ubulk" 350
"../../../Engine/Plugins/Animation/ControlRig/Content/Controls/ControlRig_Arrow4_solid.uasset" 351
"../../../Engine/Plugins/Animation/ControlRig/Content/Controls/ControlRig_Arrow4_solid.uexp" 352
"../../../Engine/Plugins/Animation/ControlRig/Content/Controls/ControlRig_Arrow4_3mm.ubulk" 353
"../../../Engine/Plugins/Animation/ControlRig/Content/Controls/ControlRig_Arrow4_3mm.uasset" 354
"../../../Engine/Plugins/Animation/ControlRig/Content/Controls/ControlRig_Arrow4_3mm.uexp" 355
"../../../Engine/Plugins/Animation/ControlRig/Content/Controls/ControlRig_Arrow4_1mm.ubulk" 356
"../../../Engine/Plugins/Animation/ControlRig/Content/Controls/ControlRig_Arrow4_1mm.uasset" 357
"../../../Engine/Plugins/Animation/ControlRig/Content/Controls/ControlRig_Arrow4_1mm.uexp" 358
"../../../Engine/Plugins/Animation/ControlRig/Content/Controls/ControlRig_Arrow2_solid.ubulk" 359
"../../../Engine/Plugins/Animation/ControlRig/Content/Controls/ControlRig_Arrow2_solid.uasset" 360
"../../../Engine/Plugins/Animation/ControlRig/Content/Controls/ControlRig_Arrow2_solid.uexp" 361
"../../../Engine/Plugins/Animation/ControlRig/Content/Controls/ControlRig_Arrow2_3mm.ubulk" 362
"../../../Engine/Plugins/Animation/ControlRig/Content/Controls/ControlRig_Arrow2_3mm.uasset" 363
"../../../Engine/Plugins/Animation/ControlRig/Content/Controls/ControlRig_Arrow2_3mm.uexp" 364
"../../../Engine/Plugins/Animation/ControlRig/Content/Controls/ControlRig_Arrow2_1mm.ubulk" 365
"../../../Engine/Plugins/Animation/ControlRig/Content/Controls/ControlRig_Arrow2_1mm.uasset" 366
"../../../Engine/Plugins/Animation/ControlRig/Content/Controls/ControlRig_Arrow2_1mm.uexp" 367
"../../../Engine/Plugins/Animation/ControlRig/Content/Controls/ControlRigXRayMaterial.uasset" 368
"../../../Engine/Plugins/Animation/ControlRig/Content/Controls/ControlRigXRayMaterial.uexp" 369
"../../../Engine/Plugins/Animation/ControlRig/Content/Controls/ControlRigGizmoMaterial.uasset" 370
"../../../Engine/Plugins/Animation/ControlRig/Content/Controls/ControlRigGizmoMaterial.uexp" 371
"../../../Engine/Content/VREditor/TransformGizmo/StartRotationHandleIndicator.ubulk" 372
"../../../Engine/Content/VREditor/TransformGizmo/StartRotationHandleIndicator.uasset" 373
"../../../Engine/Content/VREditor/TransformGizmo/StartRotationHandleIndicator.uexp" 374
"../../../Engine/Content/VREditor/Sounds/UI/Drop_Item_From_ContentBrowser.ubulk" 375
"../../../Engine/Content/VREditor/Sounds/UI/Drop_Item_From_ContentBrowser.uasset" 376
"../../../Engine/Content/VREditor/Sounds/UI/Drop_Item_From_ContentBrowser.uexp" 377
"../../../Engine/Content/VREditor/TransformGizmo/PlaneTranslationHandle.ubulk" 378
"../../../Engine/Content/VREditor/TransformGizmo/PlaneTranslationHandle.uasset" 379
"../../../Engine/Content/VREditor/TransformGizmo/PlaneTranslationHandle.uexp" 380
"../../../Engine/Content/VREditor/Sounds/UI/Object_Snaps_To_Grid.ubulk" 381
"../../../Engine/Content/VREditor/Sounds/UI/Object_Snaps_To_Grid.uasset" 382
"../../../Engine/Content/VREditor/Sounds/UI/Object_Snaps_To_Grid.uexp" 383
"../../../Engine/Content/VREditor/Sounds/UI/Selection_Changes.ubulk" 384
"../../../Engine/Content/VREditor/Sounds/UI/Selection_Changes.uasset" 385
"../../../Engine/Content/VREditor/Sounds/UI/Selection_Changes.uexp" 386
"../../../Engine/Content/VREditor/Sounds/UI/Object_Snaps_To_Another_Actor.ubulk" 387
"../../../Engine/Content/VREditor/Sounds/UI/Object_Snaps_To_Another_Actor.uasset" 388
"../../../Engine/Content/VREditor/Sounds/UI/Object_Snaps_To_Another_Actor.uexp" 389
"../../../Engine/Content/VREditor/TransformGizmo/TranslucentTransformGizmoMaterial_Inst.uasset" 390
"../../../Engine/Content/VREditor/TransformGizmo/TranslucentTransformGizmoMaterial_Inst.uexp" 391
"../../../Engine/Content/VREditor/TransformGizmo/TransformGizmoFreeRotation.ubulk" 392
"../../../Engine/Content/VREditor/TransformGizmo/TransformGizmoFreeRotation.uasset" 393
"../../../Engine/Content/VREditor/TransformGizmo/TransformGizmoFreeRotation.uexp" 394
"../../../Engine/Content/VREditor/Sounds/UI/Scaling_Down.ubulk" 395
"../../../Engine/Content/VREditor/Sounds/UI/Scaling_Down.uasset" 396
"../../../Engine/Content/VREditor/Sounds/UI/Scaling_Down.uexp" 397
"../../../Engine/Content/Functions/Engine_MaterialFunctions02/Math/Transform3x3Matrix.uasset" 398
"../../../Engine/Content/Functions/Engine_MaterialFunctions02/Math/Transform3x3Matrix.uexp" 399
"../../../Engine/Content/Functions/Engine_MaterialFunctions02/SplitComponents.uasset" 400
"../../../Engine/Content/Functions/Engine_MaterialFunctions02/SplitComponents.uexp" 401
"../../../Engine/Content/Functions/Engine_MaterialFunctions02/Utility/MakeFloat3.uasset" 402
"../../../Engine/Content/Functions/Engine_MaterialFunctions02/Utility/MakeFloat3.uexp" 403
"../../../Engine/Content/VREditor/SnapGrid/SnapGridMaterial.uasset" 404
"../../../Engine/Content/VREditor/SnapGrid/SnapGridMaterial.uexp" 405
"../../../Engine/Content/VREditor/SnapGrid/SnapGridPlaneMesh.ubulk" 406
"../../../Engine/Content/VREditor/SnapGrid/SnapGridPlaneMesh.uasset" 407
"../../../Engine/Content/VREditor/SnapGrid/SnapGridPlaneMesh.uexp" 408
"../../../Engine/Content/VREditor/Sounds/UI/Scaling_Up.ubulk" 409
"../../../Engine/Content/VREditor/Sounds/UI/Scaling_Up.uasset" 410
"../../../Engine/Content/VREditor/Sounds/UI/Scaling_Up.uexp" 411
"../../../Engine/Content/VREditor/TransformGizmo/TransformGizmoMaterial_Inst.uasset" 412
"../../../Engine/Content/VREditor/TransformGizmo/TransformGizmoMaterial_Inst.uexp" 413
"../../../Engine/Content/VREditor/Sounds/UI/Gizmo_Handle_Clicked.ubulk" 414
"../../../Engine/Content/VREditor/Sounds/UI/Gizmo_Handle_Clicked.uasset" 415
"../../../Engine/Content/VREditor/Sounds/UI/Gizmo_Handle_Clicked.uexp" 416
"../../../Engine/Content/VREditor/TransformGizmo/RotationHandleQuarter.ubulk" 417
"../../../Engine/Content/VREditor/TransformGizmo/RotationHandleQuarter.uasset" 418
"../../../Engine/Content/VREditor/TransformGizmo/RotationHandleQuarter.uexp" 419
"../../../Engine/Content/VREditor/TransformGizmo/TranslateArrowHandle.ubulk" 420
"../../../Engine/Content/VREditor/TransformGizmo/TranslateArrowHandle.uasset" 421
"../../../Engine/Content/VREditor/TransformGizmo/TranslateArrowHandle.uexp" 422
"../../../Engine/Content/VREditor/TransformGizmo/RotationHandleIndicator.ubulk" 423
"../../../Engine/Content/VREditor/TransformGizmo/RotationHandleIndicator.uasset" 424
"../../../Engine/Content/VREditor/TransformGizmo/RotationHandleIndicator.uexp" 425
"../../../Engine/Content/VREditor/TransformGizmo/UniformScaleHandle.ubulk" 426
"../../../Engine/Content/VREditor/TransformGizmo/UniformScaleHandle.uasset" 427
"../../../Engine/Content/VREditor/TransformGizmo/UniformScaleHandle.uexp" 428
"../../../Engine/Content/VREditor/TransformGizmo/RotationHandleFull.ubulk" 429
"../../../Engine/Content/VREditor/TransformGizmo/RotationHandleFull.uasset" 430
"../../../Engine/Content/VREditor/TransformGizmo/RotationHandleFull.uexp" 431
"../../../Engine/Content/VREditor/Sounds/UI/Object_PickUp.ubulk" 432
"../../../Engine/Content/VREditor/Sounds/UI/Object_PickUp.uasset" 433
"../../../Engine/Content/VREditor/Sounds/UI/Object_PickUp.uexp" 434
"../../../Engine/Content/EngineSounds/Master.uasset" 435
"../../../Engine/Content/EngineSounds/Master.uexp" 436
"../../../Engine/Content/EngineResources/WhiteSquareTexture.uasset" 437
"../../../Engine/Content/EngineResources/WhiteSquareTexture.uexp" 438
"../../../Engine/Content/EngineMaterials/Widget3DPassThrough.uasset" 439
"../../../Engine/Content/EngineMaterials/Widget3DPassThrough.uexp" 440
"../../../Engine/Content/EngineMaterials/Widget3DPassThrough_Translucent.uasset" 441
"../../../Engine/Content/EngineMaterials/Widget3DPassThrough_Translucent.uexp" 442
"../../../Engine/Content/EngineMaterials/Widget3DPassThrough_Translucent_OneSided.uasset" 443
"../../../Engine/Content/EngineMaterials/Widget3DPassThrough_Translucent_OneSided.uexp" 444
"../../../Engine/Content/EngineMaterials/Widget3DPassThrough_Opaque.uasset" 445
"../../../Engine/Content/EngineMaterials/Widget3DPassThrough_Opaque.uexp" 446
"../../../Engine/Content/EngineMaterials/Widget3DPassThrough_Opaque_OneSided.uasset" 447
"../../../Engine/Content/EngineMaterials/Widget3DPassThrough_Opaque_OneSided.uexp" 448
"../../../Engine/Content/EngineMaterials/Widget3DPassThrough_Masked_OneSided.uasset" 449
"../../../Engine/Content/EngineMaterials/Widget3DPassThrough_Masked_OneSided.uexp" 450
"../../../Engine/Content/EngineMaterials/Widget3DPassThrough_Masked.uasset" 451
"../../../Engine/Content/EngineMaterials/Widget3DPassThrough_Masked.uexp" 452
"../../../Engine/Content/EngineMaterials/STBlueNoise_vec2_128x128x64.uasset" 453
"../../../Engine/Content/EngineMaterials/STBlueNoise_vec2_128x128x64.uexp" 454
"../../../Engine/Content/EngineMaterials/STBlueNoise_scalar_128x128x64.uasset" 455
"../../../Engine/Content/EngineMaterials/STBlueNoise_scalar_128x128x64.uexp" 456
"../../../Engine/Content/EngineMaterials/RemoveSurfaceMaterial.uasset" 457
"../../../Engine/Content/EngineMaterials/RemoveSurfaceMaterial.uexp" 458
"../../../Engine/Content/EngineMaterials/DefaultCalibrationGrayscale.uasset" 459
"../../../Engine/Content/EngineMaterials/DefaultCalibrationGrayscale.uexp" 460
"../../../Engine/Content/EngineMaterials/PPM_DefaultCalibrationGrayscale.uasset" 461
"../../../Engine/Content/EngineMaterials/PPM_DefaultCalibrationGrayscale.uexp" 462
"../../../Engine/Content/EngineMaterials/DefaultCalibrationColor.uasset" 463
"../../../Engine/Content/EngineMaterials/DefaultCalibrationColor.uexp" 464
"../../../Engine/Content/EngineMaterials/PPM_DefaultCalibrationColor.uasset" 465
"../../../Engine/Content/EngineMaterials/PPM_DefaultCalibrationColor.uexp" 466
"../../../Engine/Content/EngineMaterials/PhAT_JointLimitMaterial.uasset" 467
"../../../Engine/Content/EngineMaterials/PhAT_JointLimitMaterial.uexp" 468
"../../../Engine/Content/EngineMaterials/NaniteHiddenSectionMaterial.uasset" 469
"../../../Engine/Content/EngineMaterials/NaniteHiddenSectionMaterial.uexp" 470
"../../../Engine/Content/EngineMaterials/InvalidLightmapSettings.ubulk" 471
"../../../Engine/Content/EngineMaterials/InvalidLightmapSettings.uasset" 472
"../../../Engine/Content/EngineMaterials/InvalidLightmapSettings.uexp" 473
"../../../Engine/Content/EngineMaterials/M_InvalidLightmapSettings.uasset" 474
"../../../Engine/Content/EngineMaterials/M_InvalidLightmapSettings.uexp" 475
"../../../Engine/Content/EngineMaterials/GizmoMaterial.uasset" 476
"../../../Engine/Content/EngineMaterials/GizmoMaterial.uexp" 477
"../../../Engine/Content/EngineMaterials/BaseFlattenEmissiveMap_VT.uasset" 478
"../../../Engine/Content/EngineMaterials/BaseFlattenEmissiveMap_VT.uexp" 479
"../../../Engine/Content/EngineMaterials/BaseFlattenGrayscaleMap_VT.uasset" 480
"../../../Engine/Content/EngineMaterials/BaseFlattenGrayscaleMap_VT.uexp" 481
"../../../Engine/Content/EngineMaterials/BaseFlattenLinearColor_VT.uasset" 482
"../../../Engine/Content/EngineMaterials/BaseFlattenLinearColor_VT.uexp" 483
"../../../Engine/Content/EngineMaterials/Black_1x1_EXR_Texture_VT.uasset" 484
"../../../Engine/Content/EngineMaterials/Black_1x1_EXR_Texture_VT.uexp" 485
"../../../Engine/Content/EngineMaterials/BaseFlattenDiffuseMap_VT.uasset" 486
"../../../Engine/Content/EngineMaterials/BaseFlattenDiffuseMap_VT.uexp" 487
"../../../Engine/Content/EngineMaterials/BaseFlattenNormalMap_VT.uasset" 488
"../../../Engine/Content/EngineMaterials/BaseFlattenNormalMap_VT.uexp" 489
"../../../Engine/Content/EngineMaterials/FlattenMaterial_WS_Normal_VT.uasset" 490
"../../../Engine/Content/EngineMaterials/FlattenMaterial_WS_Normal_VT.uexp" 491
"../../../Engine/Content/EngineMaterials/FlattenMaterial_VT.uasset" 492
"../../../Engine/Content/EngineMaterials/FlattenMaterial_VT.uexp" 493
"../../../Engine/Content/EngineMaterials/BaseFlattenNormalMap.uasset" 494
"../../../Engine/Content/EngineMaterials/BaseFlattenNormalMap.uexp" 495
"../../../Engine/Content/EngineMaterials/BaseFlattenGrayscaleMap.uasset" 496
"../../../Engine/Content/EngineMaterials/BaseFlattenGrayscaleMap.uexp" 497
"../../../Engine/Content/EngineMaterials/BaseFlattenDiffuseMap.uasset" 498
"../../../Engine/Content/EngineMaterials/BaseFlattenDiffuseMap.uexp" 499
"../../../Engine/Content/Functions/Engine_MaterialFunctions02/PivotPainter2/Black_1x1_EXR_Texture.uasset" 500
"../../../Engine/Content/Functions/Engine_MaterialFunctions02/PivotPainter2/Black_1x1_EXR_Texture.uexp" 501
"../../../Engine/Content/EngineMaterials/BaseFlattenEmissiveMap.uasset" 502
"../../../Engine/Content/EngineMaterials/BaseFlattenEmissiveMap.uexp" 503
"../../../Engine/Content/EngineMaterials/BaseFlattenLinearColor.uasset" 504
"../../../Engine/Content/EngineMaterials/BaseFlattenLinearColor.uexp" 505
"../../../Engine/Content/EngineMaterials/FlattenMaterial.uasset" 506
"../../../Engine/Content/EngineMaterials/FlattenMaterial.uexp" 507
"../../../Engine/Content/EngineMaterials/DefaultWhiteGrid_Low.uasset" 508
"../../../Engine/Content/EngineMaterials/DefaultWhiteGrid_Low.uexp" 509
"../../../Engine/Content/EngineMaterials/EmissiveMeshMaterial.uasset" 510
"../../../Engine/Content/EngineMaterials/EmissiveMeshMaterial.uexp" 511
"../../../Engine/Content/EngineFonts/RobotoDistanceField.uasset" 512
"../../../Engine/Content/EngineFonts/RobotoDistanceField.uexp" 513
"../../../Engine/Content/EngineMaterials/DefaultTextMaterialOpaque.uasset" 514
"../../../Engine/Content/EngineMaterials/DefaultTextMaterialOpaque.uexp" 515
"../../../Engine/Content/EngineMaterials/DefaultDiffuse.ubulk" 516
"../../../Engine/Content/EngineMaterials/DefaultDiffuse.uasset" 517
"../../../Engine/Content/EngineMaterials/DefaultDiffuse.uexp" 518
"../../../Engine/Content/Functions/Engine_MaterialFunctions02/Utility/BreakOutFloat2Components.uasset" 519
"../../../Engine/Content/Functions/Engine_MaterialFunctions02/Utility/BreakOutFloat2Components.uexp" 520
"../../../Engine/Content/EngineMaterials/DefaultPostProcessMaterial.uasset" 521
"../../../Engine/Content/EngineMaterials/DefaultPostProcessMaterial.uexp" 522
"../../../Engine/Content/EngineMaterials/DefaultPhysicalMaterial.uasset" 523
"../../../Engine/Content/EngineMaterials/DefaultPhysicalMaterial.uexp" 524
"../../../Engine/Content/EngineMaterials/DefaultLightFunctionMaterial.uasset" 525
"../../../Engine/Content/EngineMaterials/DefaultLightFunctionMaterial.uexp" 526
"../../../Engine/Content/EngineMaterials/DefaultDestructiblePhysicalMaterial.uasset" 527
"../../../Engine/Content/EngineMaterials/DefaultDestructiblePhysicalMaterial.uexp" 528
"../../../Engine/Content/EngineMaterials/DefaultDeferredDecalMaterial.uasset" 529
"../../../Engine/Content/EngineMaterials/DefaultDeferredDecalMaterial.uexp" 530
"../../../Engine/Content/EngineMaterials/DefaultBloomKernel.uasset" 531
"../../../Engine/Content/EngineMaterials/DefaultBloomKernel.uexp" 532
"../../../Engine/Content/EngineFonts/Faces/RobotoLight.uexp" 533
"../../../Engine/Content/EngineFonts/Faces/RobotoLight.uasset" 534
"../../../Engine/Content/EngineFonts/Faces/RobotoLight.ufont" 535
"../../../Engine/Content/EngineFonts/Faces/RobotoBold.uexp" 536
"../../../Engine/Content/EngineFonts/Faces/RobotoBold.uasset" 537
"../../../Engine/Content/EngineFonts/Faces/RobotoBold.ufont" 538
"../../../Engine/Content/EngineFonts/Faces/RobotoRegular.uexp" 539
"../../../Engine/Content/EngineFonts/Faces/RobotoRegular.uasset" 540
"../../../Engine/Content/EngineFonts/Faces/RobotoRegular.ufont" 541
"../../../Engine/Content/EngineFonts/Faces/DroidSansFallback.uexp" 542
"../../../Engine/Content/EngineFonts/Faces/DroidSansFallback.uasset" 543
"../../../Engine/Content/EngineFonts/Faces/DroidSansFallback.ufont" 544
"../../../Engine/Content/EngineFonts/Faces/RobotoItalic.uexp" 545
"../../../Engine/Content/EngineFonts/Faces/RobotoItalic.uasset" 546
"../../../Engine/Content/EngineFonts/Faces/RobotoItalic.ufont" 547
"../../../Engine/Content/EngineFonts/Faces/RobotoBoldItalic.uexp" 548
"../../../Engine/Content/EngineFonts/Faces/RobotoBoldItalic.uasset" 549
"../../../Engine/Content/EngineFonts/Faces/RobotoBoldItalic.ufont" 550
"../../../Engine/Content/EngineFonts/Roboto.uasset" 551
"../../../Engine/Content/EngineFonts/Roboto.uexp" 552
"../../../Engine/Content/Functions/Engine_MaterialFunctions02/Utility/CameraDirectionVector.uasset" 553
"../../../Engine/Content/Functions/Engine_MaterialFunctions02/Utility/CameraDirectionVector.uexp" 554
"../../../Engine/Content/EngineDebugMaterials/VolumeToRender.uasset" 555
"../../../Engine/Content/EngineDebugMaterials/VolumeToRender.uexp" 556
"../../../Engine/Content/EngineDebugMaterials/M_VolumeRenderSphereTracePP.uasset" 557
"../../../Engine/Content/EngineDebugMaterials/M_VolumeRenderSphereTracePP.uexp" 558
"../../../Engine/Content/EngineDebugMaterials/M_SimpleUnlitTranslucent.uasset" 559
"../../../Engine/Content/EngineDebugMaterials/M_SimpleUnlitTranslucent.uexp" 560
"../../../Engine/Content/EngineDebugMaterials/DebugMeshMaterial.uasset" 561
"../../../Engine/Content/EngineDebugMaterials/DebugMeshMaterial.uexp" 562
"../../../Engine/Content/EngineDebugMaterials/DebugEditorMaterial.uasset" 563
"../../../Engine/Content/EngineDebugMaterials/DebugEditorMaterial.uexp" 564
"../../../Engine/Content/EngineDamageTypes/DmgTypeBP_Environmental.uasset" 565
"../../../Engine/Content/EngineDamageTypes/DmgTypeBP_Environmental.uexp" 566
"../../../Engine/Content/EditorResources/S_Terrain.ubulk" 567
"../../../Engine/Content/EditorResources/S_Terrain.uasset" 568
"../../../Engine/Content/EditorResources/S_Terrain.uexp" 569
"../../../Engine/Content/EditorResources/EmptyActor.uasset" 570
"../../../Engine/Content/EditorResources/EmptyActor.uexp" 571
"../../../Engine/Content/EditorResources/BSPVertex.uasset" 572
"../../../Engine/Content/EditorResources/BSPVertex.uexp" 573
"D:/Unreal Projects/PVZ/MyPVZ/Content/tmp/sod1row.uasset" 574
"D:/Unreal Projects/PVZ/MyPVZ/Content/tmp/sod1row.uexp" 575
"D:/Unreal Projects/PVZ/MyPVZ/Content/Sound/limbs_pop.ubulk" 576
"D:/Unreal Projects/PVZ/MyPVZ/Content/Sound/limbs_pop.uasset" 577
"D:/Unreal Projects/PVZ/MyPVZ/Content/Sound/limbs_pop.uexp" 578
"D:/Unreal Projects/PVZ/MyPVZ/Content/Sound/firepea.ubulk" 579
"D:/Unreal Projects/PVZ/MyPVZ/Content/Sound/firepea.uasset" 580
"D:/Unreal Projects/PVZ/MyPVZ/Content/Sound/firepea.uexp" 581
"D:/Unreal Projects/PVZ/MyPVZ/Content/Sound/evillaugh.ubulk" 582
"D:/Unreal Projects/PVZ/MyPVZ/Content/Sound/evillaugh.uasset" 583
"D:/Unreal Projects/PVZ/MyPVZ/Content/Sound/evillaugh.uexp" 584
"D:/Unreal Projects/PVZ/MyPVZ/Content/Sound/balloon_pop.ubulk" 585
"D:/Unreal Projects/PVZ/MyPVZ/Content/Sound/balloon_pop.uasset" 586
"D:/Unreal Projects/PVZ/MyPVZ/Content/Sound/balloon_pop.uexp" 587
"D:/Unreal Projects/PVZ/MyPVZ/Content/Sound/mainmusic.ubulk" 588
"D:/Unreal Projects/PVZ/MyPVZ/Content/Sound/mainmusic.uasset" 589
"D:/Unreal Projects/PVZ/MyPVZ/Content/Sound/mainmusic.uexp" 590
"D:/Unreal Projects/PVZ/MyPVZ/Content/Sound/plant.ubulk" 591
"D:/Unreal Projects/PVZ/MyPVZ/Content/Sound/plant.uasset" 592
"D:/Unreal Projects/PVZ/MyPVZ/Content/Sound/plant.uexp" 593
"D:/Unreal Projects/PVZ/MyPVZ/Content/Map/Levels/S_Wave.uasset" 594
"D:/Unreal Projects/PVZ/MyPVZ/Content/Map/Levels/S_Wave.uexp" 595
"D:/Unreal Projects/PVZ/MyPVZ/Content/Sound/awooga.ubulk" 596
"D:/Unreal Projects/PVZ/MyPVZ/Content/Sound/awooga.uasset" 597
"D:/Unreal Projects/PVZ/MyPVZ/Content/Sound/awooga.uexp" 598
"../../../Engine/Plugins/2D/Paper2D/Content/TranslucentUnlitSpriteMaterial.uasset" 599
"../../../Engine/Plugins/2D/Paper2D/Content/TranslucentUnlitSpriteMaterial.uexp" 600
"D:/Unreal Projects/PVZ/MyPVZ/Content/Res/Level/Shovel_hi_res.uasset" 601
"D:/Unreal Projects/PVZ/MyPVZ/Content/Res/Level/Shovel_hi_res.uexp" 602
"D:/Unreal Projects/PVZ/MyPVZ/Content/Res/Level/Shovel_hi_res_Sprite.uasset" 603
"D:/Unreal Projects/PVZ/MyPVZ/Content/Res/Level/Shovel_hi_res_Sprite.uexp" 604
"D:/Unreal Projects/PVZ/MyPVZ/Content/Map/Levels/Material/BPA_TraceShovel.uasset" 605
"D:/Unreal Projects/PVZ/MyPVZ/Content/Map/Levels/Material/BPA_TraceShovel.uexp" 606
"D:/Unreal Projects/PVZ/MyPVZ/Content/Res/Menu/SelectMenu/SeedPacket_Larger.uasset" 607
"D:/Unreal Projects/PVZ/MyPVZ/Content/Res/Menu/SelectMenu/SeedPacket_Larger.uexp" 608
"D:/Unreal Projects/PVZ/MyPVZ/Content/Sound/seedlift.ubulk" 609
"D:/Unreal Projects/PVZ/MyPVZ/Content/Sound/seedlift.uasset" 610
"D:/Unreal Projects/PVZ/MyPVZ/Content/Sound/seedlift.uexp" 611
"../../../Engine/Plugins/2D/Paper2D/Content/MaskedUnlitSpriteMaterial.uasset" 612
"../../../Engine/Plugins/2D/Paper2D/Content/MaskedUnlitSpriteMaterial.uexp" 613
"D:/Unreal Projects/PVZ/MyPVZ/Content/Plant/S_Plant.uasset" 614
"D:/Unreal Projects/PVZ/MyPVZ/Content/Plant/S_Plant.uexp" 615
"D:/Unreal Projects/PVZ/MyPVZ/Content/Plant/DT_Plants.uasset" 616
"D:/Unreal Projects/PVZ/MyPVZ/Content/Plant/DT_Plants.uexp" 617
"D:/Unreal Projects/PVZ/MyPVZ/Content/Plant/BPA_TracePlant.uasset" 618
"D:/Unreal Projects/PVZ/MyPVZ/Content/Plant/BPA_TracePlant.uexp" 619
"D:/Unreal Projects/PVZ/MyPVZ/Content/Map/BP_GI.uasset" 620
"D:/Unreal Projects/PVZ/MyPVZ/Content/Map/BP_GI.uexp" 621
"D:/Unreal Projects/PVZ/MyPVZ/Content/UI/Level/W_PlantCard.uasset" 622
"D:/Unreal Projects/PVZ/MyPVZ/Content/UI/Level/W_PlantCard.uexp" 623
"D:/Unreal Projects/PVZ/MyPVZ/Content/Sound/scream.ubulk" 624
"D:/Unreal Projects/PVZ/MyPVZ/Content/Sound/scream.uasset" 625
"D:/Unreal Projects/PVZ/MyPVZ/Content/Sound/scream.uexp" 626
"D:/Unreal Projects/PVZ/MyPVZ/Content/Res/Zombie/Zombie_dancer__head.uasset" 627
"D:/Unreal Projects/PVZ/MyPVZ/Content/Res/Zombie/Zombie_dancer__head.uexp" 628
"D:/Unreal Projects/PVZ/MyPVZ/Content/Res/Zombie/Zombie_dancer__head_Sprite.uasset" 629
"D:/Unreal Projects/PVZ/MyPVZ/Content/Res/Zombie/Zombie_dancer__head_Sprite.uexp" 630
"D:/Unreal Projects/PVZ/MyPVZ/Content/Zombie/BPA_ZombieHead.uasset" 631
"D:/Unreal Projects/PVZ/MyPVZ/Content/Zombie/BPA_ZombieHead.uexp" 632
"D:/Unreal Projects/PVZ/MyPVZ/Content/Res/Zombie/Idle/Idle1.uasset" 633
"D:/Unreal Projects/PVZ/MyPVZ/Content/Res/Zombie/Idle/Idle1.uexp" 634
"D:/Unreal Projects/PVZ/MyPVZ/Content/Res/Zombie/Idle/Idle1_Sprite_0.uasset" 635
"D:/Unreal Projects/PVZ/MyPVZ/Content/Res/Zombie/Idle/Idle1_Sprite_0.uexp" 636
"D:/Unreal Projects/PVZ/MyPVZ/Content/Res/Zombie/Idle/Idle1_Sprite_1.uasset" 637
"D:/Unreal Projects/PVZ/MyPVZ/Content/Res/Zombie/Idle/Idle1_Sprite_1.uexp" 638
"D:/Unreal Projects/PVZ/MyPVZ/Content/Res/Zombie/Idle/Idle1_Sprite_2.uasset" 639
"D:/Unreal Projects/PVZ/MyPVZ/Content/Res/Zombie/Idle/Idle1_Sprite_2.uexp" 640
"D:/Unreal Projects/PVZ/MyPVZ/Content/Res/Zombie/Idle/Idle1_Sprite_3.uasset" 641
"D:/Unreal Projects/PVZ/MyPVZ/Content/Res/Zombie/Idle/Idle1_Sprite_3.uexp" 642
"D:/Unreal Projects/PVZ/MyPVZ/Content/Res/Zombie/Idle/Idle1_Sprite_4.uasset" 643
"D:/Unreal Projects/PVZ/MyPVZ/Content/Res/Zombie/Idle/Idle1_Sprite_4.uexp" 644
"D:/Unreal Projects/PVZ/MyPVZ/Content/Res/Zombie/Idle/Idle1_Sprite_5.uasset" 645
"D:/Unreal Projects/PVZ/MyPVZ/Content/Res/Zombie/Idle/Idle1_Sprite_5.uexp" 646
"D:/Unreal Projects/PVZ/MyPVZ/Content/Res/Zombie/Idle/Idle1_Sprite_6.uasset" 647
"D:/Unreal Projects/PVZ/MyPVZ/Content/Res/Zombie/Idle/Idle1_Sprite_6.uexp" 648
"D:/Unreal Projects/PVZ/MyPVZ/Content/Res/Zombie/Idle/Idle1_Sprite_7.uasset" 649
"D:/Unreal Projects/PVZ/MyPVZ/Content/Res/Zombie/Idle/Idle1_Sprite_7.uexp" 650
"D:/Unreal Projects/PVZ/MyPVZ/Content/Res/Zombie/Idle/Idle1_Sprite_8.uasset" 651
"D:/Unreal Projects/PVZ/MyPVZ/Content/Res/Zombie/Idle/Idle1_Sprite_8.uexp" 652
"D:/Unreal Projects/PVZ/MyPVZ/Content/Res/Zombie/Idle/Idle1_Sprite_9.uasset" 653
"D:/Unreal Projects/PVZ/MyPVZ/Content/Res/Zombie/Idle/Idle1_Sprite_9.uexp" 654
"D:/Unreal Projects/PVZ/MyPVZ/Content/Res/Zombie/Idle/Idle1_Sprite_10.uasset" 655
"D:/Unreal Projects/PVZ/MyPVZ/Content/Res/Zombie/Idle/Idle1_Sprite_10.uexp" 656
"D:/Unreal Projects/PVZ/MyPVZ/Content/Res/Zombie/Idle/Idle1_Sprite_11.uasset" 657
"D:/Unreal Projects/PVZ/MyPVZ/Content/Res/Zombie/Idle/Idle1_Sprite_11.uexp" 658
"D:/Unreal Projects/PVZ/MyPVZ/Content/Res/Zombie/Idle/Idle1_Sprite_12.uasset" 659
"D:/Unreal Projects/PVZ/MyPVZ/Content/Res/Zombie/Idle/Idle1_Sprite_12.uexp" 660
"D:/Unreal Projects/PVZ/MyPVZ/Content/Res/Zombie/Idle/Idle1_Sprite_13.uasset" 661
"D:/Unreal Projects/PVZ/MyPVZ/Content/Res/Zombie/Idle/Idle1_Sprite_13.uexp" 662
"D:/Unreal Projects/PVZ/MyPVZ/Content/Res/Zombie/Idle/Idle1_Sprite_14.uasset" 663
"D:/Unreal Projects/PVZ/MyPVZ/Content/Res/Zombie/Idle/Idle1_Sprite_14.uexp" 664
"D:/Unreal Projects/PVZ/MyPVZ/Content/Res/Zombie/Idle/Idle1_Sprite_15.uasset" 665
"D:/Unreal Projects/PVZ/MyPVZ/Content/Res/Zombie/Idle/Idle1_Sprite_15.uexp" 666
"D:/Unreal Projects/PVZ/MyPVZ/Content/Res/Zombie/Idle/Idle1_Sprite_16.uasset" 667
"D:/Unreal Projects/PVZ/MyPVZ/Content/Res/Zombie/Idle/Idle1_Sprite_16.uexp" 668
"D:/Unreal Projects/PVZ/MyPVZ/Content/Res/Zombie/Idle/Idle1_Sprite_17.uasset" 669
"D:/Unreal Projects/PVZ/MyPVZ/Content/Res/Zombie/Idle/Idle1_Sprite_17.uexp" 670
"D:/Unreal Projects/PVZ/MyPVZ/Content/Res/Zombie/Idle/Idle1_Sprite_18.uasset" 671
"D:/Unreal Projects/PVZ/MyPVZ/Content/Res/Zombie/Idle/Idle1_Sprite_18.uexp" 672
"D:/Unreal Projects/PVZ/MyPVZ/Content/Res/Zombie/Idle/Idle1_Sprite_19.uasset" 673
"D:/Unreal Projects/PVZ/MyPVZ/Content/Res/Zombie/Idle/Idle1_Sprite_19.uexp" 674
"D:/Unreal Projects/PVZ/MyPVZ/Content/Res/Zombie/Idle/Idle1_Sprite_20.uasset" 675
"D:/Unreal Projects/PVZ/MyPVZ/Content/Res/Zombie/Idle/Idle1_Sprite_20.uexp" 676
"D:/Unreal Projects/PVZ/MyPVZ/Content/Res/Zombie/Idle/Idle1_Sprite_21.uasset" 677
"D:/Unreal Projects/PVZ/MyPVZ/Content/Res/Zombie/Idle/Idle1_Sprite_21.uexp" 678
"D:/Unreal Projects/PVZ/MyPVZ/Content/Res/Zombie/Idle/Idle1_Sprite_22.uasset" 679
"D:/Unreal Projects/PVZ/MyPVZ/Content/Res/Zombie/Idle/Idle1_Sprite_22.uexp" 680
"D:/Unreal Projects/PVZ/MyPVZ/Content/Res/Zombie/Idle/Idle1_Sprite_23.uasset" 681
"D:/Unreal Projects/PVZ/MyPVZ/Content/Res/Zombie/Idle/Idle1_Sprite_23.uexp" 682
"D:/Unreal Projects/PVZ/MyPVZ/Content/Res/Zombie/Idle/Idle1_Sprite_24.uasset" 683
"D:/Unreal Projects/PVZ/MyPVZ/Content/Res/Zombie/Idle/Idle1_Sprite_24.uexp" 684
"D:/Unreal Projects/PVZ/MyPVZ/Content/Res/Zombie/Idle/Idle1_Sprite_25.uasset" 685
"D:/Unreal Projects/PVZ/MyPVZ/Content/Res/Zombie/Idle/Idle1_Sprite_25.uexp" 686
"D:/Unreal Projects/PVZ/MyPVZ/Content/Res/Zombie/Idle/Idle1_Sprite_26.uasset" 687
"D:/Unreal Projects/PVZ/MyPVZ/Content/Res/Zombie/Idle/Idle1_Sprite_26.uexp" 688
"D:/Unreal Projects/PVZ/MyPVZ/Content/Res/Zombie/Idle/Idle1_Sprite_27.uasset" 689
"D:/Unreal Projects/PVZ/MyPVZ/Content/Res/Zombie/Idle/Idle1_Sprite_27.uexp" 690
"D:/Unreal Projects/PVZ/MyPVZ/Content/Res/Zombie/Idle/Idle1_Sprite_28.uasset" 691
"D:/Unreal Projects/PVZ/MyPVZ/Content/Res/Zombie/Idle/Idle1_Sprite_28.uexp" 692
"D:/Unreal Projects/PVZ/MyPVZ/Content/Res/Zombie/Idle/Idle2.uasset" 693
"D:/Unreal Projects/PVZ/MyPVZ/Content/Res/Zombie/Idle/Idle2.uexp" 694
"D:/Unreal Projects/PVZ/MyPVZ/Content/Sound/chomp.ubulk" 695
"D:/Unreal Projects/PVZ/MyPVZ/Content/Sound/chomp.uasset" 696
"D:/Unreal Projects/PVZ/MyPVZ/Content/Sound/chomp.uexp" 697
"D:/Unreal Projects/PVZ/MyPVZ/Content/Res/Zombie/Eat/Eat.uasset" 698
"D:/Unreal Projects/PVZ/MyPVZ/Content/Res/Zombie/Eat/Eat.uexp" 699
"D:/Unreal Projects/PVZ/MyPVZ/Content/Res/Zombie/Eat/Eat_Sprite_0.uasset" 700
"D:/Unreal Projects/PVZ/MyPVZ/Content/Res/Zombie/Eat/Eat_Sprite_0.uexp" 701
"D:/Unreal Projects/PVZ/MyPVZ/Content/Res/Zombie/Eat/Eat_Sprite_1.uasset" 702
"D:/Unreal Projects/PVZ/MyPVZ/Content/Res/Zombie/Eat/Eat_Sprite_1.uexp" 703
"D:/Unreal Projects/PVZ/MyPVZ/Content/Res/Zombie/Eat/Eat_Sprite_2.uasset" 704
"D:/Unreal Projects/PVZ/MyPVZ/Content/Res/Zombie/Eat/Eat_Sprite_2.uexp" 705
"D:/Unreal Projects/PVZ/MyPVZ/Content/Res/Zombie/Eat/Eat_Sprite_3.uasset" 706
"D:/Unreal Projects/PVZ/MyPVZ/Content/Res/Zombie/Eat/Eat_Sprite_3.uexp" 707
"D:/Unreal Projects/PVZ/MyPVZ/Content/Res/Zombie/Eat/Eat_Sprite_4.uasset" 708
"D:/Unreal Projects/PVZ/MyPVZ/Content/Res/Zombie/Eat/Eat_Sprite_4.uexp" 709
"D:/Unreal Projects/PVZ/MyPVZ/Content/Res/Zombie/Eat/Eat_Sprite_5.uasset" 710
"D:/Unreal Projects/PVZ/MyPVZ/Content/Res/Zombie/Eat/Eat_Sprite_5.uexp" 711
"D:/Unreal Projects/PVZ/MyPVZ/Content/Res/Zombie/Eat/Eat_Sprite_6.uasset" 712
"D:/Unreal Projects/PVZ/MyPVZ/Content/Res/Zombie/Eat/Eat_Sprite_6.uexp" 713
"D:/Unreal Projects/PVZ/MyPVZ/Content/Res/Zombie/Eat/Eat_Sprite_7.uasset" 714
"D:/Unreal Projects/PVZ/MyPVZ/Content/Res/Zombie/Eat/Eat_Sprite_7.uexp" 715
"D:/Unreal Projects/PVZ/MyPVZ/Content/Res/Zombie/Eat/Eat_Sprite_8.uasset" 716
"D:/Unreal Projects/PVZ/MyPVZ/Content/Res/Zombie/Eat/Eat_Sprite_8.uexp" 717
"D:/Unreal Projects/PVZ/MyPVZ/Content/Res/Zombie/Eat/Eat_Sprite_9.uasset" 718
"D:/Unreal Projects/PVZ/MyPVZ/Content/Res/Zombie/Eat/Eat_Sprite_9.uexp" 719
"D:/Unreal Projects/PVZ/MyPVZ/Content/Res/Zombie/Eat/Eat_Sprite_10.uasset" 720
"D:/Unreal Projects/PVZ/MyPVZ/Content/Res/Zombie/Eat/Eat_Sprite_10.uexp" 721
"D:/Unreal Projects/PVZ/MyPVZ/Content/Res/Zombie/Eat/Eat_Sprite_11.uasset" 722
"D:/Unreal Projects/PVZ/MyPVZ/Content/Res/Zombie/Eat/Eat_Sprite_11.uexp" 723
"D:/Unreal Projects/PVZ/MyPVZ/Content/Res/Zombie/Eat/Eat_Sprite_12.uasset" 724
"D:/Unreal Projects/PVZ/MyPVZ/Content/Res/Zombie/Eat/Eat_Sprite_12.uexp" 725
"D:/Unreal Projects/PVZ/MyPVZ/Content/Res/Zombie/Eat/Eat_Sprite_13.uasset" 726
"D:/Unreal Projects/PVZ/MyPVZ/Content/Res/Zombie/Eat/Eat_Sprite_13.uexp" 727
"D:/Unreal Projects/PVZ/MyPVZ/Content/Res/Zombie/Eat/Eat_Sprite_14.uasset" 728
"D:/Unreal Projects/PVZ/MyPVZ/Content/Res/Zombie/Eat/Eat_Sprite_14.uexp" 729
"D:/Unreal Projects/PVZ/MyPVZ/Content/Res/Zombie/Eat/Eat_Sprite_15.uasset" 730
"D:/Unreal Projects/PVZ/MyPVZ/Content/Res/Zombie/Eat/Eat_Sprite_15.uexp" 731
"D:/Unreal Projects/PVZ/MyPVZ/Content/Res/Zombie/Eat/Eat_Sprite_16.uasset" 732
"D:/Unreal Projects/PVZ/MyPVZ/Content/Res/Zombie/Eat/Eat_Sprite_16.uexp" 733
"D:/Unreal Projects/PVZ/MyPVZ/Content/Res/Zombie/Eat/Eat_Sprite_17.uasset" 734
"D:/Unreal Projects/PVZ/MyPVZ/Content/Res/Zombie/Eat/Eat_Sprite_17.uexp" 735
"D:/Unreal Projects/PVZ/MyPVZ/Content/Res/Zombie/Eat/Eat_Sprite_18.uasset" 736
"D:/Unreal Projects/PVZ/MyPVZ/Content/Res/Zombie/Eat/Eat_Sprite_18.uexp" 737
"D:/Unreal Projects/PVZ/MyPVZ/Content/Res/Zombie/Eat/Eat_Sprite_19.uasset" 738
"D:/Unreal Projects/PVZ/MyPVZ/Content/Res/Zombie/Eat/Eat_Sprite_19.uexp" 739
"D:/Unreal Projects/PVZ/MyPVZ/Content/Res/Zombie/Eat/Eat_Sprite_20.uasset" 740
"D:/Unreal Projects/PVZ/MyPVZ/Content/Res/Zombie/Eat/Eat_Sprite_20.uexp" 741
"D:/Unreal Projects/PVZ/MyPVZ/Content/Res/Zombie/Eat/Eat_Sprite_21.uasset" 742
"D:/Unreal Projects/PVZ/MyPVZ/Content/Res/Zombie/Eat/Eat_Sprite_21.uexp" 743
"D:/Unreal Projects/PVZ/MyPVZ/Content/Res/Zombie/Eat/Eat_Sprite_22.uasset" 744
"D:/Unreal Projects/PVZ/MyPVZ/Content/Res/Zombie/Eat/Eat_Sprite_22.uexp" 745
"D:/Unreal Projects/PVZ/MyPVZ/Content/Res/Zombie/Eat/Eat_Sprite_23.uasset" 746
"D:/Unreal Projects/PVZ/MyPVZ/Content/Res/Zombie/Eat/Eat_Sprite_23.uexp" 747
"D:/Unreal Projects/PVZ/MyPVZ/Content/Res/Zombie/Eat/Eat_Sprite_24.uasset" 748
"D:/Unreal Projects/PVZ/MyPVZ/Content/Res/Zombie/Eat/Eat_Sprite_24.uexp" 749
"D:/Unreal Projects/PVZ/MyPVZ/Content/Res/Zombie/Eat/Eat_Sprite_25.uasset" 750
"D:/Unreal Projects/PVZ/MyPVZ/Content/Res/Zombie/Eat/Eat_Sprite_25.uexp" 751
"D:/Unreal Projects/PVZ/MyPVZ/Content/Res/Zombie/Eat/Eat_Sprite_26.uasset" 752
"D:/Unreal Projects/PVZ/MyPVZ/Content/Res/Zombie/Eat/Eat_Sprite_26.uexp" 753
"D:/Unreal Projects/PVZ/MyPVZ/Content/Res/Zombie/Eat/Eat_Sprite_27.uasset" 754
"D:/Unreal Projects/PVZ/MyPVZ/Content/Res/Zombie/Eat/Eat_Sprite_27.uexp" 755
"D:/Unreal Projects/PVZ/MyPVZ/Content/Res/Zombie/Eat/Eat_Sprite_28.uasset" 756
"D:/Unreal Projects/PVZ/MyPVZ/Content/Res/Zombie/Eat/Eat_Sprite_28.uexp" 757
"D:/Unreal Projects/PVZ/MyPVZ/Content/Res/Zombie/Eat/Eat_Sprite_29.uasset" 758
"D:/Unreal Projects/PVZ/MyPVZ/Content/Res/Zombie/Eat/Eat_Sprite_29.uexp" 759
"D:/Unreal Projects/PVZ/MyPVZ/Content/Res/Zombie/Eat/Eat_Sprite_30.uasset" 760
"D:/Unreal Projects/PVZ/MyPVZ/Content/Res/Zombie/Eat/Eat_Sprite_30.uexp" 761
"D:/Unreal Projects/PVZ/MyPVZ/Content/Res/Zombie/Eat/Eat_Sprite_31.uasset" 762
"D:/Unreal Projects/PVZ/MyPVZ/Content/Res/Zombie/Eat/Eat_Sprite_31.uexp" 763
"D:/Unreal Projects/PVZ/MyPVZ/Content/Res/Zombie/Eat/Eat_Sprite_32.uasset" 764
"D:/Unreal Projects/PVZ/MyPVZ/Content/Res/Zombie/Eat/Eat_Sprite_32.uexp" 765
"D:/Unreal Projects/PVZ/MyPVZ/Content/Res/Zombie/Eat/Eat_Sprite_33.uasset" 766
"D:/Unreal Projects/PVZ/MyPVZ/Content/Res/Zombie/Eat/Eat_Sprite_33.uexp" 767
"D:/Unreal Projects/PVZ/MyPVZ/Content/Res/Zombie/Eat/Eat_Sprite_34.uasset" 768
"D:/Unreal Projects/PVZ/MyPVZ/Content/Res/Zombie/Eat/Eat_Sprite_34.uexp" 769
"D:/Unreal Projects/PVZ/MyPVZ/Content/Res/Zombie/Eat/Eat_Sprite_35.uasset" 770
"D:/Unreal Projects/PVZ/MyPVZ/Content/Res/Zombie/Eat/Eat_Sprite_35.uexp" 771
"D:/Unreal Projects/PVZ/MyPVZ/Content/Res/Zombie/Eat/Eat_Sprite_36.uasset" 772
"D:/Unreal Projects/PVZ/MyPVZ/Content/Res/Zombie/Eat/Eat_Sprite_36.uexp" 773
"D:/Unreal Projects/PVZ/MyPVZ/Content/Res/Zombie/Eat/Eat_Sprite_37.uasset" 774
"D:/Unreal Projects/PVZ/MyPVZ/Content/Res/Zombie/Eat/Eat_Sprite_37.uexp" 775
"D:/Unreal Projects/PVZ/MyPVZ/Content/Res/Zombie/Eat/Eat_Sprite_38.uasset" 776
"D:/Unreal Projects/PVZ/MyPVZ/Content/Res/Zombie/Eat/Eat_Sprite_38.uexp" 777
"D:/Unreal Projects/PVZ/MyPVZ/Content/Res/Zombie/Eat/Eat_Sprite_39.uasset" 778
"D:/Unreal Projects/PVZ/MyPVZ/Content/Res/Zombie/Eat/Eat_Sprite_39.uexp" 779
"D:/Unreal Projects/PVZ/MyPVZ/Content/Res/Zombie/Eat/F_Eat.uasset" 780
"D:/Unreal Projects/PVZ/MyPVZ/Content/Res/Zombie/Eat/F_Eat.uexp" 781
"D:/Unreal Projects/PVZ/MyPVZ/Content/Sound/chompsoft.ubulk" 782
"D:/Unreal Projects/PVZ/MyPVZ/Content/Sound/chompsoft.uasset" 783
"D:/Unreal Projects/PVZ/MyPVZ/Content/Sound/chompsoft.uexp" 784
"D:/Unreal Projects/PVZ/MyPVZ/Content/Res/Zombie/Walk1/Walk1.uasset" 785
"D:/Unreal Projects/PVZ/MyPVZ/Content/Res/Zombie/Walk1/Walk1.uexp" 786
"D:/Unreal Projects/PVZ/MyPVZ/Content/Res/Zombie/Walk1/Walk1_Sprite_1.uasset" 787
"D:/Unreal Projects/PVZ/MyPVZ/Content/Res/Zombie/Walk1/Walk1_Sprite_1.uexp" 788
"D:/Unreal Projects/PVZ/MyPVZ/Content/Res/Zombie/Walk1/Walk1_Sprite_3.uasset" 789
"D:/Unreal Projects/PVZ/MyPVZ/Content/Res/Zombie/Walk1/Walk1_Sprite_3.uexp" 790
"D:/Unreal Projects/PVZ/MyPVZ/Content/Res/Zombie/Walk1/Walk1_Sprite_5.uasset" 791
"D:/Unreal Projects/PVZ/MyPVZ/Content/Res/Zombie/Walk1/Walk1_Sprite_5.uexp" 792
"D:/Unreal Projects/PVZ/MyPVZ/Content/Res/Zombie/Walk1/Walk1_Sprite_6.uasset" 793
"D:/Unreal Projects/PVZ/MyPVZ/Content/Res/Zombie/Walk1/Walk1_Sprite_6.uexp" 794
"D:/Unreal Projects/PVZ/MyPVZ/Content/Res/Zombie/Walk1/Walk1_Sprite_7.uasset" 795
"D:/Unreal Projects/PVZ/MyPVZ/Content/Res/Zombie/Walk1/Walk1_Sprite_7.uexp" 796
"D:/Unreal Projects/PVZ/MyPVZ/Content/Res/Zombie/Walk1/Walk1_Sprite_8.uasset" 797
"D:/Unreal Projects/PVZ/MyPVZ/Content/Res/Zombie/Walk1/Walk1_Sprite_8.uexp" 798
"D:/Unreal Projects/PVZ/MyPVZ/Content/Res/Zombie/Walk1/Walk1_Sprite_9.uasset" 799
"D:/Unreal Projects/PVZ/MyPVZ/Content/Res/Zombie/Walk1/Walk1_Sprite_9.uexp" 800
"D:/Unreal Projects/PVZ/MyPVZ/Content/Res/Zombie/Walk1/Walk1_Sprite_10.uasset" 801
"D:/Unreal Projects/PVZ/MyPVZ/Content/Res/Zombie/Walk1/Walk1_Sprite_10.uexp" 802
"D:/Unreal Projects/PVZ/MyPVZ/Content/Res/Zombie/Walk1/Walk1_Sprite_11.uasset" 803
"D:/Unreal Projects/PVZ/MyPVZ/Content/Res/Zombie/Walk1/Walk1_Sprite_11.uexp" 804
"D:/Unreal Projects/PVZ/MyPVZ/Content/Res/Zombie/Walk1/Walk1_Sprite_12.uasset" 805
"D:/Unreal Projects/PVZ/MyPVZ/Content/Res/Zombie/Walk1/Walk1_Sprite_12.uexp" 806
"D:/Unreal Projects/PVZ/MyPVZ/Content/Res/Zombie/Walk1/Walk1_Sprite_13.uasset" 807
"D:/Unreal Projects/PVZ/MyPVZ/Content/Res/Zombie/Walk1/Walk1_Sprite_13.uexp" 808
"D:/Unreal Projects/PVZ/MyPVZ/Content/Res/Zombie/Walk1/Walk1_Sprite_14.uasset" 809
"D:/Unreal Projects/PVZ/MyPVZ/Content/Res/Zombie/Walk1/Walk1_Sprite_14.uexp" 810
"D:/Unreal Projects/PVZ/MyPVZ/Content/Res/Zombie/Walk1/Walk1_Sprite_15.uasset" 811
"D:/Unreal Projects/PVZ/MyPVZ/Content/Res/Zombie/Walk1/Walk1_Sprite_15.uexp" 812
"D:/Unreal Projects/PVZ/MyPVZ/Content/Res/Zombie/Walk1/Walk1_Sprite_16.uasset" 813
"D:/Unreal Projects/PVZ/MyPVZ/Content/Res/Zombie/Walk1/Walk1_Sprite_16.uexp" 814
"D:/Unreal Projects/PVZ/MyPVZ/Content/Res/Zombie/Walk1/Walk1_Sprite_17.uasset" 815
"D:/Unreal Projects/PVZ/MyPVZ/Content/Res/Zombie/Walk1/Walk1_Sprite_17.uexp" 816
"D:/Unreal Projects/PVZ/MyPVZ/Content/Res/Zombie/Walk1/Walk1_Sprite_18.uasset" 817
"D:/Unreal Projects/PVZ/MyPVZ/Content/Res/Zombie/Walk1/Walk1_Sprite_18.uexp" 818
"D:/Unreal Projects/PVZ/MyPVZ/Content/Res/Zombie/Walk1/Walk1_Sprite_19.uasset" 819
"D:/Unreal Projects/PVZ/MyPVZ/Content/Res/Zombie/Walk1/Walk1_Sprite_19.uexp" 820
"D:/Unreal Projects/PVZ/MyPVZ/Content/Res/Zombie/Walk1/Walk1_Sprite_20.uasset" 821
"D:/Unreal Projects/PVZ/MyPVZ/Content/Res/Zombie/Walk1/Walk1_Sprite_20.uexp" 822
"D:/Unreal Projects/PVZ/MyPVZ/Content/Res/Zombie/Walk1/Walk1_Sprite_21.uasset" 823
"D:/Unreal Projects/PVZ/MyPVZ/Content/Res/Zombie/Walk1/Walk1_Sprite_21.uexp" 824
"D:/Unreal Projects/PVZ/MyPVZ/Content/Res/Zombie/Walk1/Walk1_Sprite_22.uasset" 825
"D:/Unreal Projects/PVZ/MyPVZ/Content/Res/Zombie/Walk1/Walk1_Sprite_22.uexp" 826
"D:/Unreal Projects/PVZ/MyPVZ/Content/Res/Zombie/Walk1/Walk1_Sprite_23.uasset" 827
"D:/Unreal Projects/PVZ/MyPVZ/Content/Res/Zombie/Walk1/Walk1_Sprite_23.uexp" 828
"D:/Unreal Projects/PVZ/MyPVZ/Content/Res/Zombie/Walk1/Walk1_Sprite_24.uasset" 829
"D:/Unreal Projects/PVZ/MyPVZ/Content/Res/Zombie/Walk1/Walk1_Sprite_24.uexp" 830
"D:/Unreal Projects/PVZ/MyPVZ/Content/Res/Zombie/Walk1/Walk1_Sprite_25.uasset" 831
"D:/Unreal Projects/PVZ/MyPVZ/Content/Res/Zombie/Walk1/Walk1_Sprite_25.uexp" 832
"D:/Unreal Projects/PVZ/MyPVZ/Content/Res/Zombie/Walk1/Walk1_Sprite_26.uasset" 833
"D:/Unreal Projects/PVZ/MyPVZ/Content/Res/Zombie/Walk1/Walk1_Sprite_26.uexp" 834
"D:/Unreal Projects/PVZ/MyPVZ/Content/Res/Zombie/Walk1/Walk1_Sprite_27.uasset" 835
"D:/Unreal Projects/PVZ/MyPVZ/Content/Res/Zombie/Walk1/Walk1_Sprite_27.uexp" 836
"D:/Unreal Projects/PVZ/MyPVZ/Content/Res/Zombie/Walk1/Walk1_Sprite_28.uasset" 837
"D:/Unreal Projects/PVZ/MyPVZ/Content/Res/Zombie/Walk1/Walk1_Sprite_28.uexp" 838
"D:/Unreal Projects/PVZ/MyPVZ/Content/Res/Zombie/Walk1/Walk1_Sprite_30.uasset" 839
"D:/Unreal Projects/PVZ/MyPVZ/Content/Res/Zombie/Walk1/Walk1_Sprite_30.uexp" 840
"D:/Unreal Projects/PVZ/MyPVZ/Content/Res/Zombie/Walk1/Walk1_Sprite_32.uasset" 841
"D:/Unreal Projects/PVZ/MyPVZ/Content/Res/Zombie/Walk1/Walk1_Sprite_32.uexp" 842
"D:/Unreal Projects/PVZ/MyPVZ/Content/Res/Zombie/Walk1/Walk1_Sprite_33.uasset" 843
"D:/Unreal Projects/PVZ/MyPVZ/Content/Res/Zombie/Walk1/Walk1_Sprite_33.uexp" 844
"D:/Unreal Projects/PVZ/MyPVZ/Content/Res/Zombie/Walk1/Walk1_Sprite_34.uasset" 845
"D:/Unreal Projects/PVZ/MyPVZ/Content/Res/Zombie/Walk1/Walk1_Sprite_34.uexp" 846
"D:/Unreal Projects/PVZ/MyPVZ/Content/Res/Zombie/Walk1/Walk1_Sprite_35.uasset" 847
"D:/Unreal Projects/PVZ/MyPVZ/Content/Res/Zombie/Walk1/Walk1_Sprite_35.uexp" 848
"D:/Unreal Projects/PVZ/MyPVZ/Content/Res/Zombie/Walk1/Walk1_Sprite_37.uasset" 849
"D:/Unreal Projects/PVZ/MyPVZ/Content/Res/Zombie/Walk1/Walk1_Sprite_37.uexp" 850
"D:/Unreal Projects/PVZ/MyPVZ/Content/Res/Zombie/Walk1/Walk1_Sprite_38.uasset" 851
"D:/Unreal Projects/PVZ/MyPVZ/Content/Res/Zombie/Walk1/Walk1_Sprite_38.uexp" 852
"D:/Unreal Projects/PVZ/MyPVZ/Content/Res/Zombie/Walk1/Walk1_Sprite_39.uasset" 853
"D:/Unreal Projects/PVZ/MyPVZ/Content/Res/Zombie/Walk1/Walk1_Sprite_39.uexp" 854
"D:/Unreal Projects/PVZ/MyPVZ/Content/Res/Zombie/Walk1/Walk1_Sprite_40.uasset" 855
"D:/Unreal Projects/PVZ/MyPVZ/Content/Res/Zombie/Walk1/Walk1_Sprite_40.uexp" 856
"D:/Unreal Projects/PVZ/MyPVZ/Content/Res/Zombie/Walk1/Walk1_Sprite_41.uasset" 857
"D:/Unreal Projects/PVZ/MyPVZ/Content/Res/Zombie/Walk1/Walk1_Sprite_41.uexp" 858
"D:/Unreal Projects/PVZ/MyPVZ/Content/Res/Zombie/Walk1/Walk1_Sprite_42.uasset" 859
"D:/Unreal Projects/PVZ/MyPVZ/Content/Res/Zombie/Walk1/Walk1_Sprite_42.uexp" 860
"D:/Unreal Projects/PVZ/MyPVZ/Content/Res/Zombie/Walk1/Walk1_Sprite_43.uasset" 861
"D:/Unreal Projects/PVZ/MyPVZ/Content/Res/Zombie/Walk1/Walk1_Sprite_43.uexp" 862
"D:/Unreal Projects/PVZ/MyPVZ/Content/Res/Zombie/Walk1/Walk1_Sprite_44.uasset" 863
"D:/Unreal Projects/PVZ/MyPVZ/Content/Res/Zombie/Walk1/Walk1_Sprite_44.uexp" 864
"D:/Unreal Projects/PVZ/MyPVZ/Content/Res/Zombie/Walk1/Walk1_Sprite_46.uasset" 865
"D:/Unreal Projects/PVZ/MyPVZ/Content/Res/Zombie/Walk1/Walk1_Sprite_46.uexp" 866
"D:/Unreal Projects/PVZ/MyPVZ/Content/Res/Zombie/Walk1/Walk1_Sprite_47.uasset" 867
"D:/Unreal Projects/PVZ/MyPVZ/Content/Res/Zombie/Walk1/Walk1_Sprite_47.uexp" 868
"D:/Unreal Projects/PVZ/MyPVZ/Content/Res/Zombie/Walk1/Walk1_Sprite_48.uasset" 869
"D:/Unreal Projects/PVZ/MyPVZ/Content/Res/Zombie/Walk1/Walk1_Sprite_48.uexp" 870
"D:/Unreal Projects/PVZ/MyPVZ/Content/Res/Zombie/Walk1/Walk1_Sprite_49.uasset" 871
"D:/Unreal Projects/PVZ/MyPVZ/Content/Res/Zombie/Walk1/Walk1_Sprite_49.uexp" 872
"D:/Unreal Projects/PVZ/MyPVZ/Content/Res/Zombie/Walk1/Walk1_Sprite_50.uasset" 873
"D:/Unreal Projects/PVZ/MyPVZ/Content/Res/Zombie/Walk1/Walk1_Sprite_50.uexp" 874
"D:/Unreal Projects/PVZ/MyPVZ/Content/Res/Zombie/Walk1/Walk1_Sprite_51.uasset" 875
"D:/Unreal Projects/PVZ/MyPVZ/Content/Res/Zombie/Walk1/Walk1_Sprite_51.uexp" 876
"D:/Unreal Projects/PVZ/MyPVZ/Content/Res/Zombie/Walk1/Walk1_Sprite_52.uasset" 877
"D:/Unreal Projects/PVZ/MyPVZ/Content/Res/Zombie/Walk1/Walk1_Sprite_52.uexp" 878
"D:/Unreal Projects/PVZ/MyPVZ/Content/Res/Zombie/Walk1/Walk1_Sprite_53.uasset" 879
"D:/Unreal Projects/PVZ/MyPVZ/Content/Res/Zombie/Walk1/Walk1_Sprite_53.uexp" 880
"D:/Unreal Projects/PVZ/MyPVZ/Content/Res/Zombie/Walk1/F_Walk1.uasset" 881
"D:/Unreal Projects/PVZ/MyPVZ/Content/Res/Zombie/Walk1/F_Walk1.uexp" 882
"D:/Unreal Projects/PVZ/MyPVZ/Content/Res/Zombie/Death/Death.uasset" 883
"D:/Unreal Projects/PVZ/MyPVZ/Content/Res/Zombie/Death/Death.uexp" 884
"D:/Unreal Projects/PVZ/MyPVZ/Content/Res/Zombie/Death/Death_Sprite_0.uasset" 885
"D:/Unreal Projects/PVZ/MyPVZ/Content/Res/Zombie/Death/Death_Sprite_0.uexp" 886
"D:/Unreal Projects/PVZ/MyPVZ/Content/Res/Zombie/Death/Death_Sprite_1.uasset" 887
"D:/Unreal Projects/PVZ/MyPVZ/Content/Res/Zombie/Death/Death_Sprite_1.uexp" 888
"D:/Unreal Projects/PVZ/MyPVZ/Content/Res/Zombie/Death/Death_Sprite_2.uasset" 889
"D:/Unreal Projects/PVZ/MyPVZ/Content/Res/Zombie/Death/Death_Sprite_2.uexp" 890
"D:/Unreal Projects/PVZ/MyPVZ/Content/Res/Zombie/Death/Death_Sprite_3.uasset" 891
"D:/Unreal Projects/PVZ/MyPVZ/Content/Res/Zombie/Death/Death_Sprite_3.uexp" 892
"D:/Unreal Projects/PVZ/MyPVZ/Content/Res/Zombie/Death/Death_Sprite_4.uasset" 893
"D:/Unreal Projects/PVZ/MyPVZ/Content/Res/Zombie/Death/Death_Sprite_4.uexp" 894
"D:/Unreal Projects/PVZ/MyPVZ/Content/Res/Zombie/Death/Death_Sprite_5.uasset" 895
"D:/Unreal Projects/PVZ/MyPVZ/Content/Res/Zombie/Death/Death_Sprite_5.uexp" 896
"D:/Unreal Projects/PVZ/MyPVZ/Content/Res/Zombie/Death/Death_Sprite_6.uasset" 897
"D:/Unreal Projects/PVZ/MyPVZ/Content/Res/Zombie/Death/Death_Sprite_6.uexp" 898
"D:/Unreal Projects/PVZ/MyPVZ/Content/Res/Zombie/Death/Death_Sprite_7.uasset" 899
"D:/Unreal Projects/PVZ/MyPVZ/Content/Res/Zombie/Death/Death_Sprite_7.uexp" 900
"D:/Unreal Projects/PVZ/MyPVZ/Content/Res/Zombie/Death/Death_Sprite_8.uasset" 901
"D:/Unreal Projects/PVZ/MyPVZ/Content/Res/Zombie/Death/Death_Sprite_8.uexp" 902
"D:/Unreal Projects/PVZ/MyPVZ/Content/Res/Zombie/Death/Death_Sprite_9.uasset" 903
"D:/Unreal Projects/PVZ/MyPVZ/Content/Res/Zombie/Death/Death_Sprite_9.uexp" 904
"D:/Unreal Projects/PVZ/MyPVZ/Content/Res/Zombie/Death/Death_Sprite_10.uasset" 905
"D:/Unreal Projects/PVZ/MyPVZ/Content/Res/Zombie/Death/Death_Sprite_10.uexp" 906
"D:/Unreal Projects/PVZ/MyPVZ/Content/Res/Zombie/Death/Death_Sprite_11.uasset" 907
"D:/Unreal Projects/PVZ/MyPVZ/Content/Res/Zombie/Death/Death_Sprite_11.uexp" 908
"D:/Unreal Projects/PVZ/MyPVZ/Content/Res/Zombie/Death/Death_Sprite_12.uasset" 909
"D:/Unreal Projects/PVZ/MyPVZ/Content/Res/Zombie/Death/Death_Sprite_12.uexp" 910
"D:/Unreal Projects/PVZ/MyPVZ/Content/Res/Zombie/Death/Death_Sprite_13.uasset" 911
"D:/Unreal Projects/PVZ/MyPVZ/Content/Res/Zombie/Death/Death_Sprite_13.uexp" 912
"D:/Unreal Projects/PVZ/MyPVZ/Content/Res/Zombie/Death/Death_Sprite_14.uasset" 913
"D:/Unreal Projects/PVZ/MyPVZ/Content/Res/Zombie/Death/Death_Sprite_14.uexp" 914
"D:/Unreal Projects/PVZ/MyPVZ/Content/Res/Zombie/Death/Death_Sprite_15.uasset" 915
"D:/Unreal Projects/PVZ/MyPVZ/Content/Res/Zombie/Death/Death_Sprite_15.uexp" 916
"D:/Unreal Projects/PVZ/MyPVZ/Content/Res/Zombie/Death/Death_Sprite_16.uasset" 917
"D:/Unreal Projects/PVZ/MyPVZ/Content/Res/Zombie/Death/Death_Sprite_16.uexp" 918
"D:/Unreal Projects/PVZ/MyPVZ/Content/Res/Zombie/Death/Death_Sprite_17.uasset" 919
"D:/Unreal Projects/PVZ/MyPVZ/Content/Res/Zombie/Death/Death_Sprite_17.uexp" 920
"D:/Unreal Projects/PVZ/MyPVZ/Content/Res/Zombie/Death/Death_Sprite_18.uasset" 921
"D:/Unreal Projects/PVZ/MyPVZ/Content/Res/Zombie/Death/Death_Sprite_18.uexp" 922
"D:/Unreal Projects/PVZ/MyPVZ/Content/Res/Zombie/Death/Death_Sprite_19.uasset" 923
"D:/Unreal Projects/PVZ/MyPVZ/Content/Res/Zombie/Death/Death_Sprite_19.uexp" 924
"D:/Unreal Projects/PVZ/MyPVZ/Content/Res/Zombie/Death/Death_Sprite_20.uasset" 925
"D:/Unreal Projects/PVZ/MyPVZ/Content/Res/Zombie/Death/Death_Sprite_20.uexp" 926
"D:/Unreal Projects/PVZ/MyPVZ/Content/Res/Zombie/Death/Death_Sprite_21.uasset" 927
"D:/Unreal Projects/PVZ/MyPVZ/Content/Res/Zombie/Death/Death_Sprite_21.uexp" 928
"D:/Unreal Projects/PVZ/MyPVZ/Content/Res/Zombie/Death/Death_Sprite_22.uasset" 929
"D:/Unreal Projects/PVZ/MyPVZ/Content/Res/Zombie/Death/Death_Sprite_22.uexp" 930
"D:/Unreal Projects/PVZ/MyPVZ/Content/Res/Zombie/Death/Death_Sprite_23.uasset" 931
"D:/Unreal Projects/PVZ/MyPVZ/Content/Res/Zombie/Death/Death_Sprite_23.uexp" 932
"D:/Unreal Projects/PVZ/MyPVZ/Content/Res/Zombie/Death/Death_Sprite_24.uasset" 933
"D:/Unreal Projects/PVZ/MyPVZ/Content/Res/Zombie/Death/Death_Sprite_24.uexp" 934
"D:/Unreal Projects/PVZ/MyPVZ/Content/Res/Zombie/Death/Death_Sprite_25.uasset" 935
"D:/Unreal Projects/PVZ/MyPVZ/Content/Res/Zombie/Death/Death_Sprite_25.uexp" 936
"D:/Unreal Projects/PVZ/MyPVZ/Content/Res/Zombie/Death/Death_Sprite_26.uasset" 937
"D:/Unreal Projects/PVZ/MyPVZ/Content/Res/Zombie/Death/Death_Sprite_26.uexp" 938
"D:/Unreal Projects/PVZ/MyPVZ/Content/Res/Zombie/Death/Death_Sprite_27.uasset" 939
"D:/Unreal Projects/PVZ/MyPVZ/Content/Res/Zombie/Death/Death_Sprite_27.uexp" 940
"D:/Unreal Projects/PVZ/MyPVZ/Content/Res/Zombie/Death/Death_Sprite_28.uasset" 941
"D:/Unreal Projects/PVZ/MyPVZ/Content/Res/Zombie/Death/Death_Sprite_28.uexp" 942
"D:/Unreal Projects/PVZ/MyPVZ/Content/Res/Zombie/Death/Death_Sprite_29.uasset" 943
"D:/Unreal Projects/PVZ/MyPVZ/Content/Res/Zombie/Death/Death_Sprite_29.uexp" 944
"D:/Unreal Projects/PVZ/MyPVZ/Content/Res/Zombie/Death/Death_Sprite_30.uasset" 945
"D:/Unreal Projects/PVZ/MyPVZ/Content/Res/Zombie/Death/Death_Sprite_30.uexp" 946
"D:/Unreal Projects/PVZ/MyPVZ/Content/Res/Zombie/Death/Death_Sprite_31.uasset" 947
"D:/Unreal Projects/PVZ/MyPVZ/Content/Res/Zombie/Death/Death_Sprite_31.uexp" 948
"D:/Unreal Projects/PVZ/MyPVZ/Content/Res/Zombie/Death/Death_Sprite_32.uasset" 949
"D:/Unreal Projects/PVZ/MyPVZ/Content/Res/Zombie/Death/Death_Sprite_32.uexp" 950
"D:/Unreal Projects/PVZ/MyPVZ/Content/Res/Zombie/Death/Death_Sprite_33.uasset" 951
"D:/Unreal Projects/PVZ/MyPVZ/Content/Res/Zombie/Death/Death_Sprite_33.uexp" 952
"D:/Unreal Projects/PVZ/MyPVZ/Content/Res/Zombie/Death/Death_Sprite_34.uasset" 953
"D:/Unreal Projects/PVZ/MyPVZ/Content/Res/Zombie/Death/Death_Sprite_34.uexp" 954
"D:/Unreal Projects/PVZ/MyPVZ/Content/Res/Zombie/Death/Death_Sprite_35.uasset" 955
"D:/Unreal Projects/PVZ/MyPVZ/Content/Res/Zombie/Death/Death_Sprite_35.uexp" 956
"D:/Unreal Projects/PVZ/MyPVZ/Content/Res/Zombie/Death/Death_Sprite_36.uasset" 957
"D:/Unreal Projects/PVZ/MyPVZ/Content/Res/Zombie/Death/Death_Sprite_36.uexp" 958
"D:/Unreal Projects/PVZ/MyPVZ/Content/Res/Zombie/Death/Death_Sprite_37.uasset" 959
"D:/Unreal Projects/PVZ/MyPVZ/Content/Res/Zombie/Death/Death_Sprite_37.uexp" 960
"D:/Unreal Projects/PVZ/MyPVZ/Content/Res/Zombie/Death/Death_Sprite_38.uasset" 961
"D:/Unreal Projects/PVZ/MyPVZ/Content/Res/Zombie/Death/Death_Sprite_38.uexp" 962
"D:/Unreal Projects/PVZ/MyPVZ/Content/Res/Zombie/Death/Death1.uasset" 963
"D:/Unreal Projects/PVZ/MyPVZ/Content/Res/Zombie/Death/Death1.uexp" 964
"D:/Unreal Projects/PVZ/MyPVZ/Content/Zombie/BPA_Eat.uasset" 965
"D:/Unreal Projects/PVZ/MyPVZ/Content/Zombie/BPA_Eat.uexp" 966
"D:/Unreal Projects/PVZ/MyPVZ/Content/Sound/loadingbar_flower.ubulk" 967
"D:/Unreal Projects/PVZ/MyPVZ/Content/Sound/loadingbar_flower.uasset" 968
"D:/Unreal Projects/PVZ/MyPVZ/Content/Sound/loadingbar_flower.uexp" 969
"D:/Unreal Projects/PVZ/MyPVZ/Content/Zombie/BP_Zombie.uasset" 970
"D:/Unreal Projects/PVZ/MyPVZ/Content/Zombie/BP_Zombie.uexp" 971
"D:/Unreal Projects/PVZ/MyPVZ/Content/Res/Level/FlagMeterParts.uasset" 972
"D:/Unreal Projects/PVZ/MyPVZ/Content/Res/Level/FlagMeterParts.uexp" 973
"D:/Unreal Projects/PVZ/MyPVZ/Content/Res/Level/FlagMeterParts_Sprite_0.uasset" 974
"D:/Unreal Projects/PVZ/MyPVZ/Content/Res/Level/FlagMeterParts_Sprite_0.uexp" 975
"D:/Unreal Projects/PVZ/MyPVZ/Content/Res/Level/ShovelBank.uasset" 976
"D:/Unreal Projects/PVZ/MyPVZ/Content/Res/Level/ShovelBank.uexp" 977
"D:/Unreal Projects/PVZ/MyPVZ/Content/Res/Level/FlagMeterLevelProgress.uasset" 978
"D:/Unreal Projects/PVZ/MyPVZ/Content/Res/Level/FlagMeterLevelProgress.uexp" 979
"D:/Unreal Projects/PVZ/MyPVZ/Content/Res/Level/SeedBank.uasset" 980
"D:/Unreal Projects/PVZ/MyPVZ/Content/Res/Level/SeedBank.uexp" 981
"D:/Unreal Projects/PVZ/MyPVZ/Content/Res/Level/FlagMeter.uasset" 982
"D:/Unreal Projects/PVZ/MyPVZ/Content/Res/Level/FlagMeter.uexp" 983
"D:/Unreal Projects/PVZ/MyPVZ/Content/Res/Level/FlagMeter_Sprite_0.uasset" 984
"D:/Unreal Projects/PVZ/MyPVZ/Content/Res/Level/FlagMeter_Sprite_0.uexp" 985
"D:/Unreal Projects/PVZ/MyPVZ/Content/Res/Level/FlagMeter_Sprite_1.uasset" 986
"D:/Unreal Projects/PVZ/MyPVZ/Content/Res/Level/FlagMeter_Sprite_1.uexp" 987
"D:/Unreal Projects/PVZ/MyPVZ/Content/Res/Level/FlagMeterParts_Sprite_2.uasset" 988
"D:/Unreal Projects/PVZ/MyPVZ/Content/Res/Level/FlagMeterParts_Sprite_2.uexp" 989
"D:/Unreal Projects/PVZ/MyPVZ/Content/UI/Level/W_Flag.uasset" 990
"D:/Unreal Projects/PVZ/MyPVZ/Content/UI/Level/W_Flag.uexp" 991
"D:/Unreal Projects/PVZ/MyPVZ/Content/UI/Level/W_LevelSystem.uasset" 992
"D:/Unreal Projects/PVZ/MyPVZ/Content/UI/Level/W_LevelSystem.uexp" 993
"D:/Unreal Projects/PVZ/MyPVZ/Content/Player/BP_Charcter.uasset" 994
"D:/Unreal Projects/PVZ/MyPVZ/Content/Player/BP_Charcter.uexp" 995
"D:/Unreal Projects/PVZ/MyPVZ/Content/Res/Level/ZombiesWon.uasset" 996
"D:/Unreal Projects/PVZ/MyPVZ/Content/Res/Level/ZombiesWon.uexp" 997
"D:/Unreal Projects/PVZ/MyPVZ/Content/UI/Level/W_Defeated.uasset" 998
"D:/Unreal Projects/PVZ/MyPVZ/Content/UI/Level/W_Defeated.uexp" 999
"D:/Unreal Projects/PVZ/MyPVZ/Content/Res/Menu/WinMenu/AwardScreen_Back.uasset" 1000
"D:/Unreal Projects/PVZ/MyPVZ/Content/Res/Menu/WinMenu/AwardScreen_Back.uexp" 1001
"D:/Unreal Projects/PVZ/MyPVZ/Content/Sound/buttonclick.ubulk" 1002
"D:/Unreal Projects/PVZ/MyPVZ/Content/Sound/buttonclick.uasset" 1003
"D:/Unreal Projects/PVZ/MyPVZ/Content/Sound/buttonclick.uexp" 1004
"D:/Unreal Projects/PVZ/MyPVZ/Content/Res/Menu/SelectMenu/SeedChooser_Button.uasset" 1005
"D:/Unreal Projects/PVZ/MyPVZ/Content/Res/Menu/SelectMenu/SeedChooser_Button.uexp" 1006
"D:/Unreal Projects/PVZ/MyPVZ/Content/Player/BP_Save.uasset" 1007
"D:/Unreal Projects/PVZ/MyPVZ/Content/Player/BP_Save.uexp" 1008
"D:/Unreal Projects/PVZ/MyPVZ/Content/UI/Menu/W_WinMenu.uasset" 1009
"D:/Unreal Projects/PVZ/MyPVZ/Content/UI/Menu/W_WinMenu.uexp" 1010
"D:/Unreal Projects/PVZ/MyPVZ/Content/UI/Menu/W_Light.uasset" 1011
"D:/Unreal Projects/PVZ/MyPVZ/Content/UI/Menu/W_Light.uexp" 1012
"D:/Unreal Projects/PVZ/MyPVZ/Content/Res/Level/trophy.uasset" 1013
"D:/Unreal Projects/PVZ/MyPVZ/Content/Res/Level/trophy.uexp" 1014
"D:/Unreal Projects/PVZ/MyPVZ/Content/Res/Level/trophy_Sprite.uasset" 1015
"D:/Unreal Projects/PVZ/MyPVZ/Content/Res/Level/trophy_Sprite.uexp" 1016
"D:/Unreal Projects/PVZ/MyPVZ/Content/Sound/winmusic.ubulk" 1017
"D:/Unreal Projects/PVZ/MyPVZ/Content/Sound/winmusic.uasset" 1018
"D:/Unreal Projects/PVZ/MyPVZ/Content/Sound/winmusic.uexp" 1019
"D:/Unreal Projects/PVZ/MyPVZ/Content/Map/Levels/Material/BPA_Trophy.uasset" 1020
"D:/Unreal Projects/PVZ/MyPVZ/Content/Map/Levels/Material/BPA_Trophy.uexp" 1021
"D:/Unreal Projects/PVZ/MyPVZ/Content/Map/Levels/Material/BPA_PlantCard.uasset" 1022
"D:/Unreal Projects/PVZ/MyPVZ/Content/Map/Levels/Material/BPA_PlantCard.uexp" 1023
"D:/Unreal Projects/PVZ/MyPVZ/Content/Map/Levels/S_Level.uasset" 1024
"D:/Unreal Projects/PVZ/MyPVZ/Content/Map/Levels/S_Level.uexp" 1025
"D:/Unreal Projects/PVZ/MyPVZ/Content/Map/Levels/DT_Levels.uasset" 1026
"D:/Unreal Projects/PVZ/MyPVZ/Content/Map/Levels/DT_Levels.uexp" 1027
"D:/Unreal Projects/PVZ/MyPVZ/Content/Sound/losemusic.ubulk" 1028
"D:/Unreal Projects/PVZ/MyPVZ/Content/Sound/losemusic.uasset" 1029
"D:/Unreal Projects/PVZ/MyPVZ/Content/Sound/losemusic.uexp" 1030
"D:/Unreal Projects/PVZ/MyPVZ/Content/Map/Levels/BP_GMLevel.uasset" 1031
"D:/Unreal Projects/PVZ/MyPVZ/Content/Map/Levels/BP_GMLevel.uexp" 1032
"D:/Unreal Projects/PVZ/MyPVZ/Content/Res/Level/Sun/Textures/Sun.uasset" 1033
"D:/Unreal Projects/PVZ/MyPVZ/Content/Res/Level/Sun/Textures/Sun.uexp" 1034
"D:/Unreal Projects/PVZ/MyPVZ/Content/Res/Level/Sun/Frames/Sun0001_png.uasset" 1035
"D:/Unreal Projects/PVZ/MyPVZ/Content/Res/Level/Sun/Frames/Sun0001_png.uexp" 1036
"D:/Unreal Projects/PVZ/MyPVZ/Content/Res/Level/Sun/Frames/Sun0013_png.uasset" 1037
"D:/Unreal Projects/PVZ/MyPVZ/Content/Res/Level/Sun/Frames/Sun0013_png.uexp" 1038
"D:/Unreal Projects/PVZ/MyPVZ/Content/Res/Level/Sun/Frames/Sun0006_png.uasset" 1039
"D:/Unreal Projects/PVZ/MyPVZ/Content/Res/Level/Sun/Frames/Sun0006_png.uexp" 1040
"D:/Unreal Projects/PVZ/MyPVZ/Content/Res/Level/Sun/Frames/Sun0008_png.uasset" 1041
"D:/Unreal Projects/PVZ/MyPVZ/Content/Res/Level/Sun/Frames/Sun0008_png.uexp" 1042
"D:/Unreal Projects/PVZ/MyPVZ/Content/Res/Level/Sun/Frames/Sun0007_png.uasset" 1043
"D:/Unreal Projects/PVZ/MyPVZ/Content/Res/Level/Sun/Frames/Sun0007_png.uexp" 1044
"D:/Unreal Projects/PVZ/MyPVZ/Content/Res/Level/Sun/Frames/Sun0002_png.uasset" 1045
"D:/Unreal Projects/PVZ/MyPVZ/Content/Res/Level/Sun/Frames/Sun0002_png.uexp" 1046
"D:/Unreal Projects/PVZ/MyPVZ/Content/Res/Level/Sun/Frames/Sun0011_png.uasset" 1047
"D:/Unreal Projects/PVZ/MyPVZ/Content/Res/Level/Sun/Frames/Sun0011_png.uexp" 1048
"D:/Unreal Projects/PVZ/MyPVZ/Content/Res/Level/Sun/Frames/Sun0010_png.uasset" 1049
"D:/Unreal Projects/PVZ/MyPVZ/Content/Res/Level/Sun/Frames/Sun0010_png.uexp" 1050
"D:/Unreal Projects/PVZ/MyPVZ/Content/Res/Level/Sun/Frames/Sun0003_png.uasset" 1051
"D:/Unreal Projects/PVZ/MyPVZ/Content/Res/Level/Sun/Frames/Sun0003_png.uexp" 1052
"D:/Unreal Projects/PVZ/MyPVZ/Content/Res/Level/Sun/Frames/Sun0004_png.uasset" 1053
"D:/Unreal Projects/PVZ/MyPVZ/Content/Res/Level/Sun/Frames/Sun0004_png.uexp" 1054
"D:/Unreal Projects/PVZ/MyPVZ/Content/Res/Level/Sun/Frames/Sun0009_png.uasset" 1055
"D:/Unreal Projects/PVZ/MyPVZ/Content/Res/Level/Sun/Frames/Sun0009_png.uexp" 1056
"D:/Unreal Projects/PVZ/MyPVZ/Content/Res/Level/Sun/Frames/Sun0005_png.uasset" 1057
"D:/Unreal Projects/PVZ/MyPVZ/Content/Res/Level/Sun/Frames/Sun0005_png.uexp" 1058
"D:/Unreal Projects/PVZ/MyPVZ/Content/Res/Level/Sun/Frames/Sun0012_png.uasset" 1059
"D:/Unreal Projects/PVZ/MyPVZ/Content/Res/Level/Sun/Frames/Sun0012_png.uexp" 1060
"D:/Unreal Projects/PVZ/MyPVZ/Content/Res/Level/Sun/Frames/Sun.uasset" 1061
"D:/Unreal Projects/PVZ/MyPVZ/Content/Res/Level/Sun/Frames/Sun.uexp" 1062
"D:/Unreal Projects/PVZ/MyPVZ/Content/Map/Levels/Material/BPA_Sun.uasset" 1063
"D:/Unreal Projects/PVZ/MyPVZ/Content/Map/Levels/Material/BPA_Sun.uexp" 1064
"D:/Unreal Projects/PVZ/MyPVZ/Content/Sound/points.ubulk" 1065
"D:/Unreal Projects/PVZ/MyPVZ/Content/Sound/points.uasset" 1066
"D:/Unreal Projects/PVZ/MyPVZ/Content/Sound/points.uexp" 1067
"D:/Unreal Projects/PVZ/MyPVZ/Content/Res/Menu/StartMenu/titlescreen.uasset" 1068
"D:/Unreal Projects/PVZ/MyPVZ/Content/Res/Menu/StartMenu/titlescreen.uexp" 1069
"D:/Unreal Projects/PVZ/MyPVZ/Content/Res/Menu/StartMenu/Logo.uasset" 1070
"D:/Unreal Projects/PVZ/MyPVZ/Content/Res/Menu/StartMenu/Logo.uexp" 1071
"D:/Unreal Projects/PVZ/MyPVZ/Content/Res/Menu/StartMenu/button_left.uasset" 1072
"D:/Unreal Projects/PVZ/MyPVZ/Content/Res/Menu/StartMenu/button_left.uexp" 1073
"D:/Unreal Projects/PVZ/MyPVZ/Content/Res/Menu/StartMenu/button_right.uasset" 1074
"D:/Unreal Projects/PVZ/MyPVZ/Content/Res/Menu/StartMenu/button_right.uexp" 1075
"D:/Unreal Projects/PVZ/MyPVZ/Content/Res/Menu/StartMenu/button_middle.uasset" 1076
"D:/Unreal Projects/PVZ/MyPVZ/Content/Res/Menu/StartMenu/button_middle.uexp" 1077
"D:/Unreal Projects/PVZ/MyPVZ/Content/UI/Menu/W_StartMenu.uasset" 1078
"D:/Unreal Projects/PVZ/MyPVZ/Content/UI/Menu/W_StartMenu.uexp" 1079
"D:/Unreal Projects/PVZ/MyPVZ/Content/Sound/plant2.ubulk" 1080
"D:/Unreal Projects/PVZ/MyPVZ/Content/Sound/plant2.uasset" 1081
"D:/Unreal Projects/PVZ/MyPVZ/Content/Sound/plant2.uexp" 1082
"D:/Unreal Projects/PVZ/MyPVZ/Content/Player/Move/I_Click.uasset" 1083
"D:/Unreal Projects/PVZ/MyPVZ/Content/Player/Move/I_Click.uexp" 1084
"D:/Unreal Projects/PVZ/MyPVZ/Content/Player/Move/IM_Move.uasset" 1085
"D:/Unreal Projects/PVZ/MyPVZ/Content/Player/Move/IM_Move.uexp" 1086
"D:/Unreal Projects/PVZ/MyPVZ/Content/Res/Plant/WallNut/Textures/WallNut.uasset" 1087
"D:/Unreal Projects/PVZ/MyPVZ/Content/Res/Plant/WallNut/Textures/WallNut.uexp" 1088
"D:/Unreal Projects/PVZ/MyPVZ/Content/Res/Plant/WallNut/Frames/Wallnut0003_png.uasset" 1089
"D:/Unreal Projects/PVZ/MyPVZ/Content/Res/Plant/WallNut/Frames/Wallnut0003_png.uexp" 1090
"D:/Unreal Projects/PVZ/MyPVZ/Content/Res/Plant/WallNut/Frames/Wallnut0004_png.uasset" 1091
"D:/Unreal Projects/PVZ/MyPVZ/Content/Res/Plant/WallNut/Frames/Wallnut0004_png.uexp" 1092
"D:/Unreal Projects/PVZ/MyPVZ/Content/Res/Plant/WallNut/Frames/Wallnut0016_png.uasset" 1093
"D:/Unreal Projects/PVZ/MyPVZ/Content/Res/Plant/WallNut/Frames/Wallnut0016_png.uexp" 1094
"D:/Unreal Projects/PVZ/MyPVZ/Content/Res/Plant/WallNut/Frames/Wallnut0012_png.uasset" 1095
"D:/Unreal Projects/PVZ/MyPVZ/Content/Res/Plant/WallNut/Frames/Wallnut0012_png.uexp" 1096
"D:/Unreal Projects/PVZ/MyPVZ/Content/Res/Plant/WallNut/Frames/Wallnut0009_png.uasset" 1097
"D:/Unreal Projects/PVZ/MyPVZ/Content/Res/Plant/WallNut/Frames/Wallnut0009_png.uexp" 1098
"D:/Unreal Projects/PVZ/MyPVZ/Content/Res/Plant/WallNut/Frames/Wallnut0006_png.uasset" 1099
"D:/Unreal Projects/PVZ/MyPVZ/Content/Res/Plant/WallNut/Frames/Wallnut0006_png.uexp" 1100
"D:/Unreal Projects/PVZ/MyPVZ/Content/Res/Plant/WallNut/Frames/Wallnut0017_png.uasset" 1101
"D:/Unreal Projects/PVZ/MyPVZ/Content/Res/Plant/WallNut/Frames/Wallnut0017_png.uexp" 1102
"D:/Unreal Projects/PVZ/MyPVZ/Content/Res/Plant/WallNut/Frames/Wallnut0015_png.uasset" 1103
"D:/Unreal Projects/PVZ/MyPVZ/Content/Res/Plant/WallNut/Frames/Wallnut0015_png.uexp" 1104
"D:/Unreal Projects/PVZ/MyPVZ/Content/Res/Plant/WallNut/Frames/Wallnut0002_png.uasset" 1105
"D:/Unreal Projects/PVZ/MyPVZ/Content/Res/Plant/WallNut/Frames/Wallnut0002_png.uexp" 1106
"D:/Unreal Projects/PVZ/MyPVZ/Content/Res/Plant/WallNut/Frames/Wallnut0008_png.uasset" 1107
"D:/Unreal Projects/PVZ/MyPVZ/Content/Res/Plant/WallNut/Frames/Wallnut0008_png.uexp" 1108
"D:/Unreal Projects/PVZ/MyPVZ/Content/Res/Plant/WallNut/Frames/Wallnut0010_png.uasset" 1109
"D:/Unreal Projects/PVZ/MyPVZ/Content/Res/Plant/WallNut/Frames/Wallnut0010_png.uexp" 1110
"D:/Unreal Projects/PVZ/MyPVZ/Content/Res/Plant/WallNut/Frames/Wallnut0001_png.uasset" 1111
"D:/Unreal Projects/PVZ/MyPVZ/Content/Res/Plant/WallNut/Frames/Wallnut0001_png.uexp" 1112
"D:/Unreal Projects/PVZ/MyPVZ/Content/Res/Plant/WallNut/Frames/Wallnut0005_png.uasset" 1113
"D:/Unreal Projects/PVZ/MyPVZ/Content/Res/Plant/WallNut/Frames/Wallnut0005_png.uexp" 1114
"D:/Unreal Projects/PVZ/MyPVZ/Content/Res/Plant/WallNut/Frames/Wallnut0011_png.uasset" 1115
"D:/Unreal Projects/PVZ/MyPVZ/Content/Res/Plant/WallNut/Frames/Wallnut0011_png.uexp" 1116
"D:/Unreal Projects/PVZ/MyPVZ/Content/Res/Plant/WallNut/Frames/Wallnut0013_png.uasset" 1117
"D:/Unreal Projects/PVZ/MyPVZ/Content/Res/Plant/WallNut/Frames/Wallnut0013_png.uexp" 1118
"D:/Unreal Projects/PVZ/MyPVZ/Content/Res/Plant/WallNut/Frames/Wallnut0007_png.uasset" 1119
"D:/Unreal Projects/PVZ/MyPVZ/Content/Res/Plant/WallNut/Frames/Wallnut0007_png.uexp" 1120
"D:/Unreal Projects/PVZ/MyPVZ/Content/Res/Plant/WallNut/Frames/Wallnut0014_png.uasset" 1121
"D:/Unreal Projects/PVZ/MyPVZ/Content/Res/Plant/WallNut/Frames/Wallnut0014_png.uexp" 1122
"D:/Unreal Projects/PVZ/MyPVZ/Content/Res/Plant/WallNut/Frames/Wallnut.uasset" 1123
"D:/Unreal Projects/PVZ/MyPVZ/Content/Res/Plant/WallNut/Frames/Wallnut.uexp" 1124
"D:/Unreal Projects/PVZ/MyPVZ/Content/Map/Levels/Material/BPA_Place.uasset" 1125
"D:/Unreal Projects/PVZ/MyPVZ/Content/Map/Levels/Material/BPA_Place.uexp" 1126
"D:/Unreal Projects/PVZ/MyPVZ/Content/Plant/WallNut/BPA_WallNut.uasset" 1127
"D:/Unreal Projects/PVZ/MyPVZ/Content/Plant/WallNut/BPA_WallNut.uexp" 1128
"D:/Unreal Projects/PVZ/MyPVZ/Content/Res/Menu/SelectMenu/SeedChooser_Background.uasset" 1129
"D:/Unreal Projects/PVZ/MyPVZ/Content/Res/Menu/SelectMenu/SeedChooser_Background.uexp" 1130
"D:/Unreal Projects/PVZ/MyPVZ/Content/UI/Menu/W_SelectMenu.uasset" 1131
"D:/Unreal Projects/PVZ/MyPVZ/Content/UI/Menu/W_SelectMenu.uexp" 1132
"D:/Unreal Projects/PVZ/MyPVZ/Content/Res/Plant/SunFlower/SunFlower.uasset" 1133
"D:/Unreal Projects/PVZ/MyPVZ/Content/Res/Plant/SunFlower/SunFlower.uexp" 1134
"D:/Unreal Projects/PVZ/MyPVZ/Content/Res/Plant/SunFlower/SunFlower_Sprite_0.uasset" 1135
"D:/Unreal Projects/PVZ/MyPVZ/Content/Res/Plant/SunFlower/SunFlower_Sprite_0.uexp" 1136
"D:/Unreal Projects/PVZ/MyPVZ/Content/Res/Plant/SunFlower/SunFlower_Sprite_1.uasset" 1137
"D:/Unreal Projects/PVZ/MyPVZ/Content/Res/Plant/SunFlower/SunFlower_Sprite_1.uexp" 1138
"D:/Unreal Projects/PVZ/MyPVZ/Content/Res/Plant/SunFlower/SunFlower_Sprite_2.uasset" 1139
"D:/Unreal Projects/PVZ/MyPVZ/Content/Res/Plant/SunFlower/SunFlower_Sprite_2.uexp" 1140
"D:/Unreal Projects/PVZ/MyPVZ/Content/Res/Plant/SunFlower/SunFlower_Sprite_3.uasset" 1141
"D:/Unreal Projects/PVZ/MyPVZ/Content/Res/Plant/SunFlower/SunFlower_Sprite_3.uexp" 1142
"D:/Unreal Projects/PVZ/MyPVZ/Content/Res/Plant/SunFlower/SunFlower_Sprite_4.uasset" 1143
"D:/Unreal Projects/PVZ/MyPVZ/Content/Res/Plant/SunFlower/SunFlower_Sprite_4.uexp" 1144
"D:/Unreal Projects/PVZ/MyPVZ/Content/Res/Plant/SunFlower/SunFlower_Sprite_5.uasset" 1145
"D:/Unreal Projects/PVZ/MyPVZ/Content/Res/Plant/SunFlower/SunFlower_Sprite_5.uexp" 1146
"D:/Unreal Projects/PVZ/MyPVZ/Content/Res/Plant/SunFlower/SunFlower_Sprite_6.uasset" 1147
"D:/Unreal Projects/PVZ/MyPVZ/Content/Res/Plant/SunFlower/SunFlower_Sprite_6.uexp" 1148
"D:/Unreal Projects/PVZ/MyPVZ/Content/Res/Plant/SunFlower/SunFlower_Sprite_7.uasset" 1149
"D:/Unreal Projects/PVZ/MyPVZ/Content/Res/Plant/SunFlower/SunFlower_Sprite_7.uexp" 1150
"D:/Unreal Projects/PVZ/MyPVZ/Content/Res/Plant/SunFlower/SunFlower_Sprite_8.uasset" 1151
"D:/Unreal Projects/PVZ/MyPVZ/Content/Res/Plant/SunFlower/SunFlower_Sprite_8.uexp" 1152
"D:/Unreal Projects/PVZ/MyPVZ/Content/Res/Plant/SunFlower/SunFlower_Sprite_9.uasset" 1153
"D:/Unreal Projects/PVZ/MyPVZ/Content/Res/Plant/SunFlower/SunFlower_Sprite_9.uexp" 1154
"D:/Unreal Projects/PVZ/MyPVZ/Content/Res/Plant/SunFlower/SunFlower_Sprite_10.uasset" 1155
"D:/Unreal Projects/PVZ/MyPVZ/Content/Res/Plant/SunFlower/SunFlower_Sprite_10.uexp" 1156
"D:/Unreal Projects/PVZ/MyPVZ/Content/Res/Plant/SunFlower/SunFlower_Sprite_11.uasset" 1157
"D:/Unreal Projects/PVZ/MyPVZ/Content/Res/Plant/SunFlower/SunFlower_Sprite_11.uexp" 1158
"D:/Unreal Projects/PVZ/MyPVZ/Content/Res/Plant/SunFlower/SunFlower_Sprite_12.uasset" 1159
"D:/Unreal Projects/PVZ/MyPVZ/Content/Res/Plant/SunFlower/SunFlower_Sprite_12.uexp" 1160
"D:/Unreal Projects/PVZ/MyPVZ/Content/Res/Plant/SunFlower/SunFlower_Sprite_13.uasset" 1161
"D:/Unreal Projects/PVZ/MyPVZ/Content/Res/Plant/SunFlower/SunFlower_Sprite_13.uexp" 1162
"D:/Unreal Projects/PVZ/MyPVZ/Content/Res/Plant/SunFlower/SunFlower_Sprite_14.uasset" 1163
"D:/Unreal Projects/PVZ/MyPVZ/Content/Res/Plant/SunFlower/SunFlower_Sprite_14.uexp" 1164
"D:/Unreal Projects/PVZ/MyPVZ/Content/Res/Plant/SunFlower/SunFlower_Sprite_15.uasset" 1165
"D:/Unreal Projects/PVZ/MyPVZ/Content/Res/Plant/SunFlower/SunFlower_Sprite_15.uexp" 1166
"D:/Unreal Projects/PVZ/MyPVZ/Content/Res/Plant/SunFlower/SunFlower_Sprite_16.uasset" 1167
"D:/Unreal Projects/PVZ/MyPVZ/Content/Res/Plant/SunFlower/SunFlower_Sprite_16.uexp" 1168
"D:/Unreal Projects/PVZ/MyPVZ/Content/Res/Plant/SunFlower/SunFlower_Sprite_17.uasset" 1169
"D:/Unreal Projects/PVZ/MyPVZ/Content/Res/Plant/SunFlower/SunFlower_Sprite_17.uexp" 1170
"D:/Unreal Projects/PVZ/MyPVZ/Content/Res/Plant/SunFlower/SunFlower_Sprite_18.uasset" 1171
"D:/Unreal Projects/PVZ/MyPVZ/Content/Res/Plant/SunFlower/SunFlower_Sprite_18.uexp" 1172
"D:/Unreal Projects/PVZ/MyPVZ/Content/Res/Plant/SunFlower/SunFlower_Sprite_19.uasset" 1173
"D:/Unreal Projects/PVZ/MyPVZ/Content/Res/Plant/SunFlower/SunFlower_Sprite_19.uexp" 1174
"D:/Unreal Projects/PVZ/MyPVZ/Content/Res/Plant/SunFlower/SunFlower_Sprite_20.uasset" 1175
"D:/Unreal Projects/PVZ/MyPVZ/Content/Res/Plant/SunFlower/SunFlower_Sprite_20.uexp" 1176
"D:/Unreal Projects/PVZ/MyPVZ/Content/Res/Plant/SunFlower/SunFlower_Sprite_21.uasset" 1177
"D:/Unreal Projects/PVZ/MyPVZ/Content/Res/Plant/SunFlower/SunFlower_Sprite_21.uexp" 1178
"D:/Unreal Projects/PVZ/MyPVZ/Content/Res/Plant/SunFlower/SunFlower_Sprite_22.uasset" 1179
"D:/Unreal Projects/PVZ/MyPVZ/Content/Res/Plant/SunFlower/SunFlower_Sprite_22.uexp" 1180
"D:/Unreal Projects/PVZ/MyPVZ/Content/Res/Plant/SunFlower/SunFlower_Sprite_23.uasset" 1181
"D:/Unreal Projects/PVZ/MyPVZ/Content/Res/Plant/SunFlower/SunFlower_Sprite_23.uexp" 1182
"D:/Unreal Projects/PVZ/MyPVZ/Content/Res/Plant/SunFlower/SunFlower_Sprite_24.uasset" 1183
"D:/Unreal Projects/PVZ/MyPVZ/Content/Res/Plant/SunFlower/SunFlower_Sprite_24.uexp" 1184
"D:/Unreal Projects/PVZ/MyPVZ/Content/Res/Plant/SunFlower/SunFlower1.uasset" 1185
"D:/Unreal Projects/PVZ/MyPVZ/Content/Res/Plant/SunFlower/SunFlower1.uexp" 1186
"D:/Unreal Projects/PVZ/MyPVZ/Content/Plant/SunFlower/BPA_SunFlower.uasset" 1187
"D:/Unreal Projects/PVZ/MyPVZ/Content/Plant/SunFlower/BPA_SunFlower.uexp" 1188
"D:/Unreal Projects/PVZ/MyPVZ/Content/Res/Menu/LevelMenu/Challenge_Background.uasset" 1189
"D:/Unreal Projects/PVZ/MyPVZ/Content/Res/Menu/LevelMenu/Challenge_Background.uexp" 1190
"D:/Unreal Projects/PVZ/MyPVZ/Content/Res/Menu/LevelMenu/Challenge_Window.uasset" 1191
"D:/Unreal Projects/PVZ/MyPVZ/Content/Res/Menu/LevelMenu/Challenge_Window.uexp" 1192
"D:/Unreal Projects/PVZ/MyPVZ/Content/UI/Menu/W_Level.uasset" 1193
"D:/Unreal Projects/PVZ/MyPVZ/Content/UI/Menu/W_Level.uexp" 1194
"D:/Unreal Projects/PVZ/MyPVZ/Content/UI/Menu/W_LevelMenu.uasset" 1195
"D:/Unreal Projects/PVZ/MyPVZ/Content/UI/Menu/W_LevelMenu.uexp" 1196
"D:/Unreal Projects/PVZ/MyPVZ/Content/Res/Menu/SelectMenu/SeedPacketSilhouette.uasset" 1197
"D:/Unreal Projects/PVZ/MyPVZ/Content/Res/Menu/SelectMenu/SeedPacketSilhouette.uexp" 1198
"D:/Unreal Projects/PVZ/MyPVZ/Content/UI/Menu/W_SettingMenu.uasset" 1199
"D:/Unreal Projects/PVZ/MyPVZ/Content/UI/Menu/W_SettingMenu.uexp" 1200
"D:/Unreal Projects/PVZ/MyPVZ/Content/Res/Plant/PeaShooter/PeaShooter.uasset" 1201
"D:/Unreal Projects/PVZ/MyPVZ/Content/Res/Plant/PeaShooter/PeaShooter.uexp" 1202
"D:/Unreal Projects/PVZ/MyPVZ/Content/Res/Plant/PeaShooter/PeaShooter_Sprite_0.uasset" 1203
"D:/Unreal Projects/PVZ/MyPVZ/Content/Res/Plant/PeaShooter/PeaShooter_Sprite_0.uexp" 1204
"D:/Unreal Projects/PVZ/MyPVZ/Content/Res/Plant/PeaShooter/PeaShooter_Sprite_1.uasset" 1205
"D:/Unreal Projects/PVZ/MyPVZ/Content/Res/Plant/PeaShooter/PeaShooter_Sprite_1.uexp" 1206
"D:/Unreal Projects/PVZ/MyPVZ/Content/Res/Plant/PeaShooter/PeaShooter_Sprite_2.uasset" 1207
"D:/Unreal Projects/PVZ/MyPVZ/Content/Res/Plant/PeaShooter/PeaShooter_Sprite_2.uexp" 1208
"D:/Unreal Projects/PVZ/MyPVZ/Content/Res/Plant/PeaShooter/PeaShooter_Sprite_3.uasset" 1209
"D:/Unreal Projects/PVZ/MyPVZ/Content/Res/Plant/PeaShooter/PeaShooter_Sprite_3.uexp" 1210
"D:/Unreal Projects/PVZ/MyPVZ/Content/Res/Plant/PeaShooter/PeaShooter_Sprite_4.uasset" 1211
"D:/Unreal Projects/PVZ/MyPVZ/Content/Res/Plant/PeaShooter/PeaShooter_Sprite_4.uexp" 1212
"D:/Unreal Projects/PVZ/MyPVZ/Content/Res/Plant/PeaShooter/PeaShooter_Sprite_5.uasset" 1213
"D:/Unreal Projects/PVZ/MyPVZ/Content/Res/Plant/PeaShooter/PeaShooter_Sprite_5.uexp" 1214
"D:/Unreal Projects/PVZ/MyPVZ/Content/Res/Plant/PeaShooter/PeaShooter_Sprite_6.uasset" 1215
"D:/Unreal Projects/PVZ/MyPVZ/Content/Res/Plant/PeaShooter/PeaShooter_Sprite_6.uexp" 1216
"D:/Unreal Projects/PVZ/MyPVZ/Content/Res/Plant/PeaShooter/PeaShooter_Sprite_7.uasset" 1217
"D:/Unreal Projects/PVZ/MyPVZ/Content/Res/Plant/PeaShooter/PeaShooter_Sprite_7.uexp" 1218
"D:/Unreal Projects/PVZ/MyPVZ/Content/Res/Plant/PeaShooter/PeaShooter_Sprite_8.uasset" 1219
"D:/Unreal Projects/PVZ/MyPVZ/Content/Res/Plant/PeaShooter/PeaShooter_Sprite_8.uexp" 1220
"D:/Unreal Projects/PVZ/MyPVZ/Content/Res/Plant/PeaShooter/PeaShooter_Sprite_9.uasset" 1221
"D:/Unreal Projects/PVZ/MyPVZ/Content/Res/Plant/PeaShooter/PeaShooter_Sprite_9.uexp" 1222
"D:/Unreal Projects/PVZ/MyPVZ/Content/Res/Plant/PeaShooter/PeaShooter_Sprite_10.uasset" 1223
"D:/Unreal Projects/PVZ/MyPVZ/Content/Res/Plant/PeaShooter/PeaShooter_Sprite_10.uexp" 1224
"D:/Unreal Projects/PVZ/MyPVZ/Content/Res/Plant/PeaShooter/PeaShooter_Sprite_11.uasset" 1225
"D:/Unreal Projects/PVZ/MyPVZ/Content/Res/Plant/PeaShooter/PeaShooter_Sprite_11.uexp" 1226
"D:/Unreal Projects/PVZ/MyPVZ/Content/Res/Plant/PeaShooter/PeaShooter_Sprite_12.uasset" 1227
"D:/Unreal Projects/PVZ/MyPVZ/Content/Res/Plant/PeaShooter/PeaShooter_Sprite_12.uexp" 1228
"D:/Unreal Projects/PVZ/MyPVZ/Content/Res/Plant/PeaShooter/PeaShooter_Sprite_13.uasset" 1229
"D:/Unreal Projects/PVZ/MyPVZ/Content/Res/Plant/PeaShooter/PeaShooter_Sprite_13.uexp" 1230
"D:/Unreal Projects/PVZ/MyPVZ/Content/Res/Plant/PeaShooter/PeaShooter_Sprite_14.uasset" 1231
"D:/Unreal Projects/PVZ/MyPVZ/Content/Res/Plant/PeaShooter/PeaShooter_Sprite_14.uexp" 1232
"D:/Unreal Projects/PVZ/MyPVZ/Content/Res/Plant/PeaShooter/PeaShooter_Sprite_15.uasset" 1233
"D:/Unreal Projects/PVZ/MyPVZ/Content/Res/Plant/PeaShooter/PeaShooter_Sprite_15.uexp" 1234
"D:/Unreal Projects/PVZ/MyPVZ/Content/Res/Plant/PeaShooter/PeaShooter_Sprite_16.uasset" 1235
"D:/Unreal Projects/PVZ/MyPVZ/Content/Res/Plant/PeaShooter/PeaShooter_Sprite_16.uexp" 1236
"D:/Unreal Projects/PVZ/MyPVZ/Content/Res/Plant/PeaShooter/PeaShooter_Sprite_17.uasset" 1237
"D:/Unreal Projects/PVZ/MyPVZ/Content/Res/Plant/PeaShooter/PeaShooter_Sprite_17.uexp" 1238
"D:/Unreal Projects/PVZ/MyPVZ/Content/Res/Plant/PeaShooter/PeaShooter_Sprite_18.uasset" 1239
"D:/Unreal Projects/PVZ/MyPVZ/Content/Res/Plant/PeaShooter/PeaShooter_Sprite_18.uexp" 1240
"D:/Unreal Projects/PVZ/MyPVZ/Content/Res/Plant/PeaShooter/PeaShooter_Sprite_19.uasset" 1241
"D:/Unreal Projects/PVZ/MyPVZ/Content/Res/Plant/PeaShooter/PeaShooter_Sprite_19.uexp" 1242
"D:/Unreal Projects/PVZ/MyPVZ/Content/Res/Plant/PeaShooter/PeaShooter_Sprite_20.uasset" 1243
"D:/Unreal Projects/PVZ/MyPVZ/Content/Res/Plant/PeaShooter/PeaShooter_Sprite_20.uexp" 1244
"D:/Unreal Projects/PVZ/MyPVZ/Content/Res/Plant/PeaShooter/PeaShooter_Sprite_21.uasset" 1245
"D:/Unreal Projects/PVZ/MyPVZ/Content/Res/Plant/PeaShooter/PeaShooter_Sprite_21.uexp" 1246
"D:/Unreal Projects/PVZ/MyPVZ/Content/Res/Plant/PeaShooter/PeaShooter_Sprite_22.uasset" 1247
"D:/Unreal Projects/PVZ/MyPVZ/Content/Res/Plant/PeaShooter/PeaShooter_Sprite_22.uexp" 1248
"D:/Unreal Projects/PVZ/MyPVZ/Content/Res/Plant/PeaShooter/PeaShooter_Sprite_23.uasset" 1249
"D:/Unreal Projects/PVZ/MyPVZ/Content/Res/Plant/PeaShooter/PeaShooter_Sprite_23.uexp" 1250
"D:/Unreal Projects/PVZ/MyPVZ/Content/Res/Plant/PeaShooter/PeaShooter_Sprite_24.uasset" 1251
"D:/Unreal Projects/PVZ/MyPVZ/Content/Res/Plant/PeaShooter/PeaShooter_Sprite_24.uexp" 1252
"D:/Unreal Projects/PVZ/MyPVZ/Content/Res/Plant/PeaShooter/PeaShooter1.uasset" 1253
"D:/Unreal Projects/PVZ/MyPVZ/Content/Res/Plant/PeaShooter/PeaShooter1.uexp" 1254
"D:/Unreal Projects/PVZ/MyPVZ/Content/Res/Plant/PeaShooter/T_Pea.uasset" 1255
"D:/Unreal Projects/PVZ/MyPVZ/Content/Res/Plant/PeaShooter/T_Pea.uexp" 1256
"D:/Unreal Projects/PVZ/MyPVZ/Content/Res/Plant/PeaShooter/Pea.uasset" 1257
"D:/Unreal Projects/PVZ/MyPVZ/Content/Res/Plant/PeaShooter/Pea.uexp" 1258
"D:/Unreal Projects/PVZ/MyPVZ/Content/Plant/PeaShooer/BPA_Pea.uasset" 1259
"D:/Unreal Projects/PVZ/MyPVZ/Content/Plant/PeaShooer/BPA_Pea.uexp" 1260
"D:/Unreal Projects/PVZ/MyPVZ/Content/Plant/PeaShooer/BPA_PeaShooter.uasset" 1261
"D:/Unreal Projects/PVZ/MyPVZ/Content/Plant/PeaShooer/BPA_PeaShooter.uexp" 1262
"D:/Unreal Projects/PVZ/MyPVZ/Content/Plant/BPA_Plant.uasset" 1263
"D:/Unreal Projects/PVZ/MyPVZ/Content/Plant/BPA_Plant.uexp" 1264
"D:/Unreal Projects/PVZ/MyPVZ/Content/Player/BP_PC.uasset" 1265
"D:/Unreal Projects/PVZ/MyPVZ/Content/Player/BP_PC.uexp" 1266
"D:/Unreal Projects/PVZ/MyPVZ/Content/Map/BP_GMMenu.uasset" 1267
"D:/Unreal Projects/PVZ/MyPVZ/Content/Map/BP_GMMenu.uexp" 1268
"../../../Engine/Plugins/Runtime/MeshModelingToolset/Content/Materials/M_DynamicMeshComponentVtxColor.uasset" 1269
"../../../Engine/Plugins/Runtime/MeshModelingToolset/Content/Materials/M_DynamicMeshComponentVtxColor.uexp" 1270
"../../../Engine/Plugins/Interchange/Runtime/Content/Pipelines/DefaultTexturePipeline.uasset" 1271
"../../../Engine/Plugins/Interchange/Runtime/Content/Pipelines/DefaultTexturePipeline.uexp" 1272
"../../../Engine/Plugins/Interchange/Runtime/Content/Pipelines/DefaultSceneLevelPipeline.uasset" 1273
"../../../Engine/Plugins/Interchange/Runtime/Content/Pipelines/DefaultSceneLevelPipeline.uexp" 1274
"../../../Engine/Plugins/Interchange/Runtime/Content/Pipelines/DefaultSceneAssetsPipeline.uasset" 1275
"../../../Engine/Plugins/Interchange/Runtime/Content/Pipelines/DefaultSceneAssetsPipeline.uexp" 1276
"../../../Engine/Plugins/Interchange/Runtime/Content/Pipelines/DefaultMaterialXPipeline.uasset" 1277
"../../../Engine/Plugins/Interchange/Runtime/Content/Pipelines/DefaultMaterialXPipeline.uexp" 1278
"../../../Engine/Plugins/Interchange/Runtime/Content/Pipelines/DefaultMaterialPipeline.uasset" 1279
"../../../Engine/Plugins/Interchange/Runtime/Content/Pipelines/DefaultMaterialPipeline.uexp" 1280
"../../../Engine/Plugins/Interchange/Runtime/Content/Pipelines/DefaultGLTFSceneAssetsPipeline.uasset" 1281
"../../../Engine/Plugins/Interchange/Runtime/Content/Pipelines/DefaultGLTFSceneAssetsPipeline.uexp" 1282
"../../../Engine/Plugins/Interchange/Runtime/Content/Pipelines/DefaultGLTFPipeline.uasset" 1283
"../../../Engine/Plugins/Interchange/Runtime/Content/Pipelines/DefaultGLTFPipeline.uexp" 1284
"../../../Engine/Plugins/Interchange/Runtime/Content/Pipelines/DefaultGLTFAssetsPipeline.uasset" 1285
"../../../Engine/Plugins/Interchange/Runtime/Content/Pipelines/DefaultGLTFAssetsPipeline.uexp" 1286
"../../../Engine/Plugins/Interchange/Runtime/Content/Pipelines/DefaultAssetsPipeline.uasset" 1287
"../../../Engine/Plugins/Interchange/Runtime/Content/Pipelines/DefaultAssetsPipeline.uexp" 1288
"../../../Engine/Plugins/Interchange/Runtime/Content/Functions/MX_UsdPreviewSurface.uasset" 1289
"../../../Engine/Plugins/Interchange/Runtime/Content/Functions/MX_UsdPreviewSurface.uexp" 1290
"../../../Engine/Plugins/Interchange/Runtime/Content/Functions/MX_UniformEDF.uasset" 1291
"../../../Engine/Plugins/Interchange/Runtime/Content/Functions/MX_UniformEDF.uexp" 1292
"../../../Engine/Plugins/Interchange/Runtime/Content/Functions/MX_TranslucentBSDF.uasset" 1293
"../../../Engine/Plugins/Interchange/Runtime/Content/Functions/MX_TranslucentBSDF.uexp" 1294
"../../../Engine/Plugins/Interchange/Runtime/Content/Functions/MX_ThinFilmBSDF.uasset" 1295
"../../../Engine/Plugins/Interchange/Runtime/Content/Functions/MX_ThinFilmBSDF.uexp" 1296
"../../../Engine/Plugins/Interchange/Runtime/Content/Functions/MX_SurfaceUnlit.uasset" 1297
"../../../Engine/Plugins/Interchange/Runtime/Content/Functions/MX_SurfaceUnlit.uexp" 1298
"../../../Engine/Plugins/Interchange/Runtime/Content/Functions/MX_Surface.uasset" 1299
"../../../Engine/Plugins/Interchange/Runtime/Content/Functions/MX_Surface.uexp" 1300
"../../../Engine/Plugins/Interchange/Runtime/Content/Functions/MX_SubsurfaceBSDF.uasset" 1301
"../../../Engine/Plugins/Interchange/Runtime/Content/Functions/MX_SubsurfaceBSDF.uexp" 1302
"../../../Engine/Plugins/Interchange/Runtime/Content/Functions/MX_SheenBSDF.uasset" 1303
"../../../Engine/Plugins/Interchange/Runtime/Content/Functions/MX_SheenBSDF.uexp" 1304
"../../../Engine/Plugins/Interchange/Runtime/Content/Functions/MX_OrenNayarBSDF.uasset" 1305
"../../../Engine/Plugins/Interchange/Runtime/Content/Functions/MX_OrenNayarBSDF.uexp" 1306
"../../../Engine/Content/Functions/Engine_MaterialFunctions01/Volumetrics/BeersLaw.uasset" 1307
"../../../Engine/Content/Functions/Engine_MaterialFunctions01/Volumetrics/BeersLaw.uexp" 1308
"../../../Engine/Content/EngineMaterials/Good64x64TilingNoiseHighFreq.uasset" 1309
"../../../Engine/Content/EngineMaterials/Good64x64TilingNoiseHighFreq.uexp" 1310
"../../../Engine/Content/Functions/Engine_MaterialFunctions02/Texturing/ScreenAlignedPixelToPixelUVs.uasset" 1311
"../../../Engine/Content/Functions/Engine_MaterialFunctions02/Texturing/ScreenAlignedPixelToPixelUVs.uexp" 1312
"../../../Engine/Plugins/Interchange/Runtime/Content/gltf/MaterialFunctions/MF_Temporal_Blur.uasset" 1313
"../../../Engine/Plugins/Interchange/Runtime/Content/gltf/MaterialFunctions/MF_Temporal_Blur.uexp" 1314
"../../../Engine/Plugins/Interchange/Runtime/Content/gltf/MaterialFunctions/MF_Fresnel_DS.uasset" 1315
"../../../Engine/Plugins/Interchange/Runtime/Content/gltf/MaterialFunctions/MF_Fresnel_DS.uexp" 1316
"../../../Engine/Plugins/Interchange/Runtime/Content/Functions/MX_Transmission.uasset" 1317
"../../../Engine/Plugins/Interchange/Runtime/Content/Functions/MX_Transmission.uexp" 1318
"../../../Engine/Plugins/Interchange/Runtime/Content/Functions/MF_OrenNayerView.uasset" 1319
"../../../Engine/Plugins/Interchange/Runtime/Content/Functions/MF_OrenNayerView.uexp" 1320
"../../../Engine/Plugins/Interchange/Runtime/Content/Functions/MF_SchlickApprox.uasset" 1321
"../../../Engine/Plugins/Interchange/Runtime/Content/Functions/MF_SchlickApprox.uexp" 1322
"../../../Engine/Plugins/Interchange/Runtime/Content/Utilities/New_LUT.uasset" 1323
"../../../Engine/Plugins/Interchange/Runtime/Content/Utilities/New_LUT.uexp" 1324
"../../../Engine/Content/Functions/Engine_MaterialFunctions03/Math/RemapValueRange.uasset" 1325
"../../../Engine/Content/Functions/Engine_MaterialFunctions03/Math/RemapValueRange.uexp" 1326
"../../../Engine/Plugins/Interchange/Runtime/Content/Functions/MF_Iridescence.uasset" 1327
"../../../Engine/Plugins/Interchange/Runtime/Content/Functions/MF_Iridescence.uexp" 1328
"../../../Engine/Plugins/Interchange/Runtime/Content/Functions/MX_StandardSurface.uasset" 1329
"../../../Engine/Plugins/Interchange/Runtime/Content/Functions/MX_StandardSurface.uexp" 1330
"../../../Engine/Plugins/Interchange/Runtime/Content/Functions/MX_TransmissionSurface.uasset" 1331
"../../../Engine/Plugins/Interchange/Runtime/Content/Functions/MX_TransmissionSurface.uexp" 1332
"../../../Engine/Plugins/Interchange/Runtime/Content/Functions/MX_OpenPBR_Translucent.uasset" 1333
"../../../Engine/Plugins/Interchange/Runtime/Content/Functions/MX_OpenPBR_Translucent.uexp" 1334
"../../../Engine/Plugins/Interchange/Runtime/Content/Functions/MX_OpenPBR_Opaque.uasset" 1335
"../../../Engine/Plugins/Interchange/Runtime/Content/Functions/MX_OpenPBR_Opaque.uexp" 1336
"../../../Engine/Plugins/Interchange/Runtime/Content/Functions/MX_MeasuredEDF.uasset" 1337
"../../../Engine/Plugins/Interchange/Runtime/Content/Functions/MX_MeasuredEDF.uexp" 1338
"../../../Engine/Plugins/Interchange/Runtime/Content/Functions/MX_GeneralizedSchlickBSDF.uasset" 1339
"../../../Engine/Plugins/Interchange/Runtime/Content/Functions/MX_GeneralizedSchlickBSDF.uexp" 1340
"../../../Engine/Plugins/Interchange/Runtime/Content/Functions/MX_DielectricBSDF.uasset" 1341
"../../../Engine/Plugins/Interchange/Runtime/Content/Functions/MX_DielectricBSDF.uexp" 1342
"../../../Engine/Plugins/Interchange/Runtime/Content/Functions/MX_ConicalEDF.uasset" 1343
"../../../Engine/Plugins/Interchange/Runtime/Content/Functions/MX_ConicalEDF.uexp" 1344
"../../../Engine/Plugins/Interchange/Runtime/Content/Functions/MX_ConductorBSDF.uasset" 1345
"../../../Engine/Plugins/Interchange/Runtime/Content/Functions/MX_ConductorBSDF.uexp" 1346
"../../../Engine/Plugins/Interchange/Runtime/Content/Functions/MX_BurleyDiffuseBSDF.uasset" 1347
"../../../Engine/Plugins/Interchange/Runtime/Content/Functions/MX_BurleyDiffuseBSDF.uexp" 1348
"../../../Engine/Plugins/Interchange/Runtime/Content/Functions/MX_AnisotropicVDF.uasset" 1349
"../../../Engine/Plugins/Interchange/Runtime/Content/Functions/MX_AnisotropicVDF.uexp" 1350
"../../../Engine/Plugins/Interchange/Runtime/Content/Functions/MX_AbsorptionVDF.uasset" 1351
"../../../Engine/Plugins/Interchange/Runtime/Content/Functions/MX_AbsorptionVDF.uexp" 1352
"D:/Unreal Projects/PVZ/MyPVZ/Content/Res/Zombie/Walk2.uasset" 1353
"D:/Unreal Projects/PVZ/MyPVZ/Content/Res/Zombie/Walk2.uexp" 1354
"D:/Unreal Projects/PVZ/MyPVZ/Content/Res/Level/FlagMeterParts_Sprite_1.uasset" 1355
"D:/Unreal Projects/PVZ/MyPVZ/Content/Res/Level/FlagMeterParts_Sprite_1.uexp" 1356
"D:/Unreal Projects/PVZ/MyPVZ/Content/Res/Level/FinalWave.uasset" 1357
"D:/Unreal Projects/PVZ/MyPVZ/Content/Res/Level/FinalWave.uexp" 1358
"D:/Unreal Projects/PVZ/MyPVZ/Content/Res/Level/background1unsodded.uasset" 1359
"D:/Unreal Projects/PVZ/MyPVZ/Content/Res/Level/background1unsodded.uexp" 1360
"D:/Unreal Projects/PVZ/MyPVZ/Content/Res/Level/background1.uasset" 1361
"D:/Unreal Projects/PVZ/MyPVZ/Content/Res/Level/background1.uexp" 1362
"D:/Unreal Projects/PVZ/MyPVZ/Content/Res/Level/APPROACHING.uasset" 1363
"D:/Unreal Projects/PVZ/MyPVZ/Content/Res/Level/APPROACHING.uexp" 1364
"../../../Engine/Plugins/Interchange/Runtime/Content/gltf/MaterialFunctions/MF_RotateV2.uasset" 1365
"../../../Engine/Plugins/Interchange/Runtime/Content/gltf/MaterialFunctions/MF_RotateV2.uexp" 1366
"../../../Engine/Plugins/Interchange/Runtime/Content/gltf/MaterialFunctions/MF_TransformUVs.uasset" 1367
"../../../Engine/Plugins/Interchange/Runtime/Content/gltf/MaterialFunctions/MF_TransformUVs.uexp" 1368
"../../../Engine/Plugins/Interchange/Runtime/Content/gltf/Textures/T_White_srgb.uasset" 1369
"../../../Engine/Plugins/Interchange/Runtime/Content/gltf/Textures/T_White_srgb.uexp" 1370
"../../../Engine/Plugins/Interchange/Runtime/Content/gltf/MaterialFunctions/MF_BaseColor.uasset" 1371
"../../../Engine/Plugins/Interchange/Runtime/Content/gltf/MaterialFunctions/MF_BaseColor.uexp" 1372
"../../../Engine/Plugins/Interchange/Runtime/Content/gltf/MaterialBodies/MF_Unlit_Body.uasset" 1373
"../../../Engine/Plugins/Interchange/Runtime/Content/gltf/MaterialBodies/MF_Unlit_Body.uexp" 1374
"../../../Engine/Plugins/Interchange/Runtime/Content/gltf/M_Unlit.uasset" 1375
"../../../Engine/Plugins/Interchange/Runtime/Content/gltf/M_Unlit.uexp" 1376
"../../../Engine/Plugins/Interchange/Runtime/Content/gltf/MaterialInstances/MI_Unlit_Opaque_DS.uasset" 1377
"../../../Engine/Plugins/Interchange/Runtime/Content/gltf/MaterialInstances/MI_Unlit_Opaque_DS.uexp" 1378
"../../../Engine/Plugins/Interchange/Runtime/Content/gltf/MaterialInstances/MI_Unlit_Opaque.uasset" 1379
"../../../Engine/Plugins/Interchange/Runtime/Content/gltf/MaterialInstances/MI_Unlit_Opaque.uexp" 1380
"../../../Engine/Plugins/Interchange/Runtime/Content/gltf/MaterialInstances/MI_Unlit_Mask_DS.uasset" 1381
"../../../Engine/Plugins/Interchange/Runtime/Content/gltf/MaterialInstances/MI_Unlit_Mask_DS.uexp" 1382
"../../../Engine/Plugins/Interchange/Runtime/Content/gltf/MaterialInstances/MI_Unlit_Mask.uasset" 1383
"../../../Engine/Plugins/Interchange/Runtime/Content/gltf/MaterialInstances/MI_Unlit_Mask.uexp" 1384
"../../../Engine/Plugins/Interchange/Runtime/Content/gltf/MaterialInstances/MI_Unlit_Blend_DS.uasset" 1385
"../../../Engine/Plugins/Interchange/Runtime/Content/gltf/MaterialInstances/MI_Unlit_Blend_DS.uexp" 1386
"../../../Engine/Plugins/Interchange/Runtime/Content/gltf/MaterialInstances/MI_Unlit_Blend.uasset" 1387
"../../../Engine/Plugins/Interchange/Runtime/Content/gltf/MaterialInstances/MI_Unlit_Blend.uexp" 1388
"../../../Engine/Plugins/Interchange/Runtime/Content/gltf/MaterialFunctions/MF_Iridescence.uasset" 1389
"../../../Engine/Plugins/Interchange/Runtime/Content/gltf/MaterialFunctions/MF_Iridescence.uexp" 1390
"../../../Engine/Plugins/Interchange/Runtime/Content/gltf/Textures/T_White_Linear.uasset" 1391
"../../../Engine/Plugins/Interchange/Runtime/Content/gltf/Textures/T_White_Linear.uexp" 1392
"../../../Engine/Plugins/Interchange/Runtime/Content/gltf/MaterialFunctions/MF_MetallicRoughness.uasset" 1393
"../../../Engine/Plugins/Interchange/Runtime/Content/gltf/MaterialFunctions/MF_MetallicRoughness.uexp" 1394
"../../../Engine/Plugins/Interchange/Runtime/Content/gltf/MaterialFunctions/MF_Transmission.uasset" 1395
"../../../Engine/Plugins/Interchange/Runtime/Content/gltf/MaterialFunctions/MF_Transmission.uexp" 1396
"../../../Engine/Plugins/Interchange/Runtime/Content/gltf/MaterialFunctions/MF_Occlusion.uasset" 1397
"../../../Engine/Plugins/Interchange/Runtime/Content/gltf/MaterialFunctions/MF_Occlusion.uexp" 1398
"../../../Engine/Plugins/Interchange/Runtime/Content/gltf/MaterialFunctions/MF_Specular.uasset" 1399
"../../../Engine/Plugins/Interchange/Runtime/Content/gltf/MaterialFunctions/MF_Specular.uexp" 1400
"../../../Engine/Plugins/Interchange/Runtime/Content/gltf/MaterialFunctions/MF_IOR.uasset" 1401
"../../../Engine/Plugins/Interchange/Runtime/Content/gltf/MaterialFunctions/MF_IOR.uexp" 1402
"../../../Engine/Plugins/Interchange/Runtime/Content/gltf/MaterialFunctions/MF_RotateNormals_TS.uasset" 1403
"../../../Engine/Plugins/Interchange/Runtime/Content/gltf/MaterialFunctions/MF_RotateNormals_TS.uexp" 1404
"../../../Engine/Plugins/Interchange/Runtime/Content/gltf/Textures/T_Generic_N.uasset" 1405
"../../../Engine/Plugins/Interchange/Runtime/Content/gltf/Textures/T_Generic_N.uexp" 1406
"../../../Engine/Plugins/Interchange/Runtime/Content/gltf/MaterialFunctions/MF_Normals.uasset" 1407
"../../../Engine/Plugins/Interchange/Runtime/Content/gltf/MaterialFunctions/MF_Normals.uexp" 1408
"../../../Engine/Plugins/Interchange/Runtime/Content/gltf/MaterialBodies/MF_Transmission_Body.uasset" 1409
"../../../Engine/Plugins/Interchange/Runtime/Content/gltf/MaterialBodies/MF_Transmission_Body.uexp" 1410
"../../../Engine/Plugins/Interchange/Runtime/Content/gltf/M_Transmission.uasset" 1411
"../../../Engine/Plugins/Interchange/Runtime/Content/gltf/M_Transmission.uexp" 1412
"../../../Engine/Plugins/Interchange/Runtime/Content/gltf/MaterialInstances/MI_Transmission_DS.uasset" 1413
"../../../Engine/Plugins/Interchange/Runtime/Content/gltf/MaterialInstances/MI_Transmission_DS.uexp" 1414
"../../../Engine/Plugins/Interchange/Runtime/Content/gltf/MaterialInstances/MI_Transmission.uasset" 1415
"../../../Engine/Plugins/Interchange/Runtime/Content/gltf/MaterialInstances/MI_Transmission.uexp" 1416
"../../../Engine/Plugins/Interchange/Runtime/Content/gltf/MaterialFunctions/MF_DiffuseSpecGloss.uasset" 1417
"../../../Engine/Plugins/Interchange/Runtime/Content/gltf/MaterialFunctions/MF_DiffuseSpecGloss.uexp" 1418
"../../../Engine/Content/Functions/Engine_MaterialFunctions02/Math/AddComponents.uasset" 1419
"../../../Engine/Content/Functions/Engine_MaterialFunctions02/Math/AddComponents.uexp" 1420
"../../../Engine/Plugins/Interchange/Runtime/Content/gltf/MaterialFunctions/MF_PerceivedBrightness.uasset" 1421
"../../../Engine/Plugins/Interchange/Runtime/Content/gltf/MaterialFunctions/MF_PerceivedBrightness.uexp" 1422
"../../../Engine/Plugins/Interchange/Runtime/Content/gltf/MaterialFunctions/MF_Emissive.uasset" 1423
"../../../Engine/Plugins/Interchange/Runtime/Content/gltf/MaterialFunctions/MF_Emissive.uexp" 1424
"../../../Engine/Plugins/Interchange/Runtime/Content/gltf/MaterialFunctions/MF_SpecGlossToMetalRoughness.uasset" 1425
"../../../Engine/Plugins/Interchange/Runtime/Content/gltf/MaterialFunctions/MF_SpecGlossToMetalRoughness.uexp" 1426
"../../../Engine/Plugins/Interchange/Runtime/Content/gltf/MaterialBodies/MF_SpecularGlossiness_Body.uasset" 1427
"../../../Engine/Plugins/Interchange/Runtime/Content/gltf/MaterialBodies/MF_SpecularGlossiness_Body.uexp" 1428
"../../../Engine/Plugins/Interchange/Runtime/Content/gltf/M_SpecularGlossiness.uasset" 1429
"../../../Engine/Plugins/Interchange/Runtime/Content/gltf/M_SpecularGlossiness.uexp" 1430
"../../../Engine/Plugins/Interchange/Runtime/Content/gltf/MaterialInstances/MI_SpecularGlossiness_Opaque_DS.uasset" 1431
"../../../Engine/Plugins/Interchange/Runtime/Content/gltf/MaterialInstances/MI_SpecularGlossiness_Opaque_DS.uexp" 1432
"../../../Engine/Plugins/Interchange/Runtime/Content/gltf/MaterialInstances/MI_SpecularGlossiness_Opaque.uasset" 1433
"../../../Engine/Plugins/Interchange/Runtime/Content/gltf/MaterialInstances/MI_SpecularGlossiness_Opaque.uexp" 1434
"../../../Engine/Plugins/Interchange/Runtime/Content/gltf/MaterialInstances/MI_SpecularGlossiness_Mask_DS.uasset" 1435
"../../../Engine/Plugins/Interchange/Runtime/Content/gltf/MaterialInstances/MI_SpecularGlossiness_Mask_DS.uexp" 1436
"../../../Engine/Plugins/Interchange/Runtime/Content/gltf/MaterialInstances/MI_SpecularGlossiness_Mask.uasset" 1437
"../../../Engine/Plugins/Interchange/Runtime/Content/gltf/MaterialInstances/MI_SpecularGlossiness_Mask.uexp" 1438
"../../../Engine/Plugins/Interchange/Runtime/Content/gltf/MaterialInstances/MI_SpecularGlossiness_Blend_DS.uasset" 1439
"../../../Engine/Plugins/Interchange/Runtime/Content/gltf/MaterialInstances/MI_SpecularGlossiness_Blend_DS.uexp" 1440
"../../../Engine/Plugins/Interchange/Runtime/Content/gltf/MaterialInstances/MI_SpecularGlossiness_Blend.uasset" 1441
"../../../Engine/Plugins/Interchange/Runtime/Content/gltf/MaterialInstances/MI_SpecularGlossiness_Blend.uexp" 1442
"../../../Engine/Plugins/Interchange/Runtime/Content/gltf/MaterialFunctions/MF_Sheen.uasset" 1443
"../../../Engine/Plugins/Interchange/Runtime/Content/gltf/MaterialFunctions/MF_Sheen.uexp" 1444
"../../../Engine/Plugins/Interchange/Runtime/Content/gltf/MaterialBodies/MF_Sheen_Body.uasset" 1445
"../../../Engine/Plugins/Interchange/Runtime/Content/gltf/MaterialBodies/MF_Sheen_Body.uexp" 1446
"../../../Engine/Plugins/Interchange/Runtime/Content/gltf/M_Sheen.uasset" 1447
"../../../Engine/Plugins/Interchange/Runtime/Content/gltf/M_Sheen.uexp" 1448
"../../../Engine/Plugins/Interchange/Runtime/Content/gltf/MaterialInstances/MI_Sheen_Opaque_DS.uasset" 1449
"../../../Engine/Plugins/Interchange/Runtime/Content/gltf/MaterialInstances/MI_Sheen_Opaque_DS.uexp" 1450
"../../../Engine/Plugins/Interchange/Runtime/Content/gltf/MaterialInstances/MI_Sheen_Opaque.uasset" 1451
"../../../Engine/Plugins/Interchange/Runtime/Content/gltf/MaterialInstances/MI_Sheen_Opaque.uexp" 1452
"../../../Engine/Plugins/Interchange/Runtime/Content/gltf/MaterialInstances/MI_Sheen_Mask_DS.uasset" 1453
"../../../Engine/Plugins/Interchange/Runtime/Content/gltf/MaterialInstances/MI_Sheen_Mask_DS.uexp" 1454
"../../../Engine/Plugins/Interchange/Runtime/Content/gltf/MaterialInstances/MI_Sheen_Mask.uasset" 1455
"../../../Engine/Plugins/Interchange/Runtime/Content/gltf/MaterialInstances/MI_Sheen_Mask.uexp" 1456
"../../../Engine/Plugins/Interchange/Runtime/Content/gltf/MaterialInstances/MI_Sheen_Blend_DS.uasset" 1457
"../../../Engine/Plugins/Interchange/Runtime/Content/gltf/MaterialInstances/MI_Sheen_Blend_DS.uexp" 1458
"../../../Engine/Plugins/Interchange/Runtime/Content/gltf/MaterialInstances/MI_Sheen_Blend.uasset" 1459
"../../../Engine/Plugins/Interchange/Runtime/Content/gltf/MaterialInstances/MI_Sheen_Blend.uexp" 1460
"../../../Engine/Plugins/Interchange/Runtime/Content/gltf/MaterialBodies/MF_Default_Body.uasset" 1461
"../../../Engine/Plugins/Interchange/Runtime/Content/gltf/MaterialBodies/MF_Default_Body.uexp" 1462
"../../../Engine/Plugins/Interchange/Runtime/Content/gltf/M_Default.uasset" 1463
"../../../Engine/Plugins/Interchange/Runtime/Content/gltf/M_Default.uexp" 1464
"../../../Engine/Plugins/Interchange/Runtime/Content/gltf/MaterialInstances/MI_Default_Opaque_DS.uasset" 1465
"../../../Engine/Plugins/Interchange/Runtime/Content/gltf/MaterialInstances/MI_Default_Opaque_DS.uexp" 1466
"../../../Engine/Plugins/Interchange/Runtime/Content/gltf/MaterialInstances/MI_Default_Opaque.uasset" 1467
"../../../Engine/Plugins/Interchange/Runtime/Content/gltf/MaterialInstances/MI_Default_Opaque.uexp" 1468
"../../../Engine/Plugins/Interchange/Runtime/Content/gltf/MaterialInstances/MI_Default_Mask_DS.uasset" 1469
"../../../Engine/Plugins/Interchange/Runtime/Content/gltf/MaterialInstances/MI_Default_Mask_DS.uexp" 1470
"../../../Engine/Plugins/Interchange/Runtime/Content/gltf/MaterialInstances/MI_Default_Mask.uasset" 1471
"../../../Engine/Plugins/Interchange/Runtime/Content/gltf/MaterialInstances/MI_Default_Mask.uexp" 1472
"../../../Engine/Plugins/Interchange/Runtime/Content/gltf/MaterialInstances/MI_Default_Blend_DS.uasset" 1473
"../../../Engine/Plugins/Interchange/Runtime/Content/gltf/MaterialInstances/MI_Default_Blend_DS.uexp" 1474
"../../../Engine/Plugins/Interchange/Runtime/Content/gltf/MaterialInstances/MI_Default_Blend.uasset" 1475
"../../../Engine/Plugins/Interchange/Runtime/Content/gltf/MaterialInstances/MI_Default_Blend.uexp" 1476
"../../../Engine/Content/Functions/Engine_MaterialFunctions01/Texturing/FlattenNormal.uasset" 1477
"../../../Engine/Content/Functions/Engine_MaterialFunctions01/Texturing/FlattenNormal.uexp" 1478
"../../../Engine/Plugins/Interchange/Runtime/Content/gltf/MaterialFunctions/MF_Clearcoat.uasset" 1479
"../../../Engine/Plugins/Interchange/Runtime/Content/gltf/MaterialFunctions/MF_Clearcoat.uexp" 1480
"../../../Engine/Plugins/Interchange/Runtime/Content/gltf/MaterialBodies/MF_ClearCoat_Body.uasset" 1481
"../../../Engine/Plugins/Interchange/Runtime/Content/gltf/MaterialBodies/MF_ClearCoat_Body.uexp" 1482
"../../../Engine/Plugins/Interchange/Runtime/Content/gltf/M_ClearCoat.uasset" 1483
"../../../Engine/Plugins/Interchange/Runtime/Content/gltf/M_ClearCoat.uexp" 1484
"../../../Engine/Plugins/Interchange/Runtime/Content/gltf/MaterialInstances/MI_ClearCoat_Opaque_DS.uasset" 1485
"../../../Engine/Plugins/Interchange/Runtime/Content/gltf/MaterialInstances/MI_ClearCoat_Opaque_DS.uexp" 1486
"../../../Engine/Plugins/Interchange/Runtime/Content/gltf/MaterialInstances/MI_ClearCoat_Opaque.uasset" 1487
"../../../Engine/Plugins/Interchange/Runtime/Content/gltf/MaterialInstances/MI_ClearCoat_Opaque.uexp" 1488
"../../../Engine/Plugins/Interchange/Runtime/Content/gltf/MaterialInstances/MI_ClearCoat_Mask_DS.uasset" 1489
"../../../Engine/Plugins/Interchange/Runtime/Content/gltf/MaterialInstances/MI_ClearCoat_Mask_DS.uexp" 1490
"../../../Engine/Plugins/Interchange/Runtime/Content/gltf/MaterialInstances/MI_ClearCoat_Mask.uasset" 1491
"../../../Engine/Plugins/Interchange/Runtime/Content/gltf/MaterialInstances/MI_ClearCoat_Mask.uexp" 1492
"../../../Engine/Plugins/Interchange/Runtime/Content/gltf/MaterialInstances/MI_ClearCoat_Blend_DS.uasset" 1493
"../../../Engine/Plugins/Interchange/Runtime/Content/gltf/MaterialInstances/MI_ClearCoat_Blend_DS.uexp" 1494
"../../../Engine/Plugins/Interchange/Runtime/Content/gltf/MaterialInstances/MI_ClearCoat_Blend.uasset" 1495
"../../../Engine/Plugins/Interchange/Runtime/Content/gltf/MaterialInstances/MI_ClearCoat_Blend.uexp" 1496
"../../../Engine/Content/MobileResources/HUD/VirtualJoystick_Background.uasset" 1497
"../../../Engine/Content/MobileResources/HUD/VirtualJoystick_Background.uexp" 1498
"../../../Engine/Content/MobileResources/HUD/VirtualJoystick_Thumb.uasset" 1499
"../../../Engine/Content/MobileResources/HUD/VirtualJoystick_Thumb.uexp" 1500
"../../../Engine/Content/MobileResources/HUD/DefaultVirtualJoysticks.uasset" 1501
"../../../Engine/Content/MobileResources/HUD/DefaultVirtualJoysticks.uexp" 1502
"../../../Engine/Content/EngineSky/VolumetricClouds/CloudWeatherTexture.uasset" 1503
"../../../Engine/Content/EngineSky/VolumetricClouds/CloudWeatherTexture.uexp" 1504
"../../../Engine/Content/Functions/Engine_MaterialFunctions02/Utility/MakeFloat2.uasset" 1505
"../../../Engine/Content/Functions/Engine_MaterialFunctions02/Utility/MakeFloat2.uexp" 1506
"../../../Engine/Content/EngineSky/VolumetricClouds/CloudGradientTexture.uasset" 1507
"../../../Engine/Content/EngineSky/VolumetricClouds/CloudGradientTexture.uexp" 1508
"../../../Engine/Content/EngineSky/VolumetricClouds/T_NoiseShape64.ubulk" 1509
"../../../Engine/Content/EngineSky/VolumetricClouds/T_NoiseShape64.uasset" 1510
"../../../Engine/Content/EngineSky/VolumetricClouds/T_NoiseShape64.uexp" 1511
"../../../Engine/Content/EngineSky/VolumetricClouds/T_VolumeNoiseShape64.uasset" 1512
"../../../Engine/Content/EngineSky/VolumetricClouds/T_VolumeNoiseShape64.uexp" 1513
"../../../Engine/Content/EngineSky/VolumetricClouds/T_NoiseErosion.ubulk" 1514
"../../../Engine/Content/EngineSky/VolumetricClouds/T_NoiseErosion.uasset" 1515
"../../../Engine/Content/EngineSky/VolumetricClouds/T_NoiseErosion.uexp" 1516
"../../../Engine/Content/EngineSky/VolumetricClouds/T_VolumeNoiseErosion32.uasset" 1517
"../../../Engine/Content/EngineSky/VolumetricClouds/T_VolumeNoiseErosion32.uexp" 1518
"../../../Engine/Content/EngineSky/VolumetricClouds/m_SimpleVolumetricCloud.uasset" 1519
"../../../Engine/Content/EngineSky/VolumetricClouds/m_SimpleVolumetricCloud.uexp" 1520
"../../../Engine/Content/EngineSky/VolumetricClouds/m_SimpleVolumetricCloud_Inst.uasset" 1521
"../../../Engine/Content/EngineSky/VolumetricClouds/m_SimpleVolumetricCloud_Inst.uexp" 1522
"../../../Engine/Content/EngineResources/FilmGrains/Marcie_Grain_v3_128_M2_000.uasset" 1523
"../../../Engine/Content/EngineResources/FilmGrains/Marcie_Grain_v3_128_M2_000.uexp" 1524
"../../../Engine/Content/EditorResources/SequenceRecorder/RecordingIndicator.uasset" 1525
"../../../Engine/Content/EditorResources/SequenceRecorder/RecordingIndicator.uexp" 1526
"../../../Engine/Content/EditorResources/SequenceRecorder/Countdown.uasset" 1527
"../../../Engine/Content/EditorResources/SequenceRecorder/Countdown.uexp" 1528
"../../../Engine/Content/EditorMaterials/Dataflow/DataflowVertexMaterial.uasset" 1529
"../../../Engine/Content/EditorMaterials/Dataflow/DataflowVertexMaterial.uexp" 1530
"D:/Unreal Projects/PVZ/MyPVZ/Content/Res/Zombie/Death/Death_Sprite_41.uasset" 1531
"D:/Unreal Projects/PVZ/MyPVZ/Content/Res/Zombie/Death/Death_Sprite_41.uexp" 1532
"D:/Unreal Projects/PVZ/MyPVZ/Content/Res/Zombie/Death/Death_Sprite_40.uasset" 1533
"D:/Unreal Projects/PVZ/MyPVZ/Content/Res/Zombie/Death/Death_Sprite_40.uexp" 1534
"D:/Unreal Projects/PVZ/MyPVZ/Content/Res/Zombie/Death/Death_Sprite_39.uasset" 1535
"D:/Unreal Projects/PVZ/MyPVZ/Content/Res/Zombie/Death/Death_Sprite_39.uexp" 1536
"D:/Unreal Projects/PVZ/MyPVZ/Content/Res/Plant/SunFlower/SunFlowerImage.uasset" 1537
"D:/Unreal Projects/PVZ/MyPVZ/Content/Res/Plant/SunFlower/SunFlowerImage.uexp" 1538
"D:/Unreal Projects/PVZ/MyPVZ/Content/Res/Plant/PeaShooter/PeaShooterImage.uasset" 1539
"D:/Unreal Projects/PVZ/MyPVZ/Content/Res/Plant/PeaShooter/PeaShooterImage.uexp" 1540
"D:/Unreal Projects/PVZ/MyPVZ/Content/Res/Menu/SelectMenu/seeds.uasset" 1541
"D:/Unreal Projects/PVZ/MyPVZ/Content/Res/Menu/SelectMenu/seeds.uexp" 1542
"D:/Unreal Projects/PVZ/MyPVZ/Content/Res/Menu/SelectMenu/SeedChooser_ImitaterAddOn.uasset" 1543
"D:/Unreal Projects/PVZ/MyPVZ/Content/Res/Menu/SelectMenu/SeedChooser_ImitaterAddOn.uexp" 1544
"D:/Unreal Projects/PVZ/MyPVZ/Content/Res/Menu/SelectMenu/SeedChooser_Button_Glow.uasset" 1545
"D:/Unreal Projects/PVZ/MyPVZ/Content/Res/Menu/SelectMenu/SeedChooser_Button_Glow.uexp" 1546
"D:/Unreal Projects/PVZ/MyPVZ/Content/Res/Menu/SelectMenu/SeedChooser_Button_Disabled.uasset" 1547
"D:/Unreal Projects/PVZ/MyPVZ/Content/Res/Menu/SelectMenu/SeedChooser_Button_Disabled.uexp" 1548
"D:/Unreal Projects/PVZ/MyPVZ/Content/Res/Menu/SelectMenu/SeedChooser_Button2_Glow.uasset" 1549
"D:/Unreal Projects/PVZ/MyPVZ/Content/Res/Menu/SelectMenu/SeedChooser_Button2_Glow.uexp" 1550
"D:/Unreal Projects/PVZ/MyPVZ/Content/Res/Menu/SelectMenu/SeedChooser_Button2.uasset" 1551
"D:/Unreal Projects/PVZ/MyPVZ/Content/Res/Menu/SelectMenu/SeedChooser_Button2.uexp" 1552
"D:/Unreal Projects/PVZ/MyPVZ/Content/Res/Menu/LevelMenu/Challenge_Window_Highlight.uasset" 1553
"D:/Unreal Projects/PVZ/MyPVZ/Content/Res/Menu/LevelMenu/Challenge_Window_Highlight.uexp" 1554
"D:/Unreal Projects/PVZ/MyPVZ/Content/Res/Menu/LevelMenu/Challenge_Blank.uasset" 1555
"D:/Unreal Projects/PVZ/MyPVZ/Content/Res/Menu/LevelMenu/Challenge_Blank.uexp" 1556
"D:/Unreal Projects/PVZ/MyPVZ/Content/Res/Menu/LevelMenu/Challenge_Background_new.uasset" 1557
"D:/Unreal Projects/PVZ/MyPVZ/Content/Res/Menu/LevelMenu/Challenge_Background_new.uexp" 1558
"D:/Unreal Projects/PVZ/MyPVZ/Content/Res/Level/Material/background1.uasset" 1559
"D:/Unreal Projects/PVZ/MyPVZ/Content/Res/Level/Material/background1.uexp" 1560
"../../../Engine/Content/BasicShapes/Plane.ubulk" 1561
"../../../Engine/Content/BasicShapes/Plane.uasset" 1562
"../../../Engine/Content/BasicShapes/Plane.uexp" 1563
"D:/Unreal Projects/PVZ/MyPVZ/Content/Res/Level/Material/backgroundunsodded.uasset" 1564
"D:/Unreal Projects/PVZ/MyPVZ/Content/Res/Level/Material/backgroundunsodded.uexp" 1565
"D:/Unreal Projects/PVZ/MyPVZ/Content/Res/Level/Material/backgroundunsodded_Mat.uasset" 1566
"D:/Unreal Projects/PVZ/MyPVZ/Content/Res/Level/Material/backgroundunsodded_Mat.uexp" 1567
"D:/Unreal Projects/PVZ/MyPVZ/Content/Map/Levels/Material/BPA_LevelBackground.uasset" 1568
"D:/Unreal Projects/PVZ/MyPVZ/Content/Map/Levels/Material/BPA_LevelBackground.uexp" 1569
"../../../Engine/Content/Functions/Engine_MaterialFunctions01/Shading/PowerToRoughness.uasset" 1570
"../../../Engine/Content/Functions/Engine_MaterialFunctions01/Shading/PowerToRoughness.uexp" 1571
"../../../Engine/Content/Functions/Engine_MaterialFunctions01/Shading/ConvertFromDiffSpec.uasset" 1572
"../../../Engine/Content/Functions/Engine_MaterialFunctions01/Shading/ConvertFromDiffSpec.uexp" 1573
"../../../Engine/Content/EngineMaterials/Substrate/Volume/SubstrateSimpleVolumeLUT3D.uasset" 1574
"../../../Engine/Content/EngineMaterials/Substrate/Volume/SubstrateSimpleVolumeLUT3D.uexp" 1575
"../../../Engine/Content/EngineMaterials/Substrate/Volume/SubstrateSimpleVolumeEnvLUT3D.uasset" 1576
"../../../Engine/Content/EngineMaterials/Substrate/Volume/SubstrateSimpleVolumeEnvLUT3D.uexp" 1577
"D:/Unreal Projects/PVZ/MyPVZ/Content/Res/Plant/WallNut/Frames/WallNutPic.uasset" 1578
"D:/Unreal Projects/PVZ/MyPVZ/Content/Res/Plant/WallNut/Frames/WallNutPic.uexp" 1579
"../../../Engine/Content/EngineMaterials/Substrate/GLints2/AGlintTex2dArray2.uasset" 1580
"../../../Engine/Content/EngineMaterials/Substrate/GLints2/AGlintTex2dArray2.uexp" 1581
"../../../Engine/Content/EngineMaterials/Substrate/GLints/AGlintTex2dArray.uasset" 1582
"../../../Engine/Content/EngineMaterials/Substrate/GLints/AGlintTex2dArray.uexp" 1583
"../../../Engine/Content/Maps/Entry_BuiltData.uasset" 1584
"../../../Engine/Content/Maps/Entry_BuiltData.uexp" 1585
"../../../Engine/Content/Maps/Entry.uexp" 1586
"../../../Engine/Content/Maps/Entry.umap" 1587
"D:/Unreal Projects/PVZ/MyPVZ/Content/Map/MenuMap.uexp" 1588
"D:/Unreal Projects/PVZ/MyPVZ/Content/Map/MenuMap.umap" 1589
"D:/Unreal Projects/PVZ/MyPVZ/Content/Res/Level/icon_roofcleaner.uasset" 1590
"D:/Unreal Projects/PVZ/MyPVZ/Content/Res/Level/icon_roofcleaner.uexp" 1591
"D:/Unreal Projects/PVZ/MyPVZ/Content/Res/Level/icon_roofcleaner_Sprite.uasset" 1592
"D:/Unreal Projects/PVZ/MyPVZ/Content/Res/Level/icon_roofcleaner_Sprite.uexp" 1593
"D:/Unreal Projects/PVZ/MyPVZ/Content/Sound/lawnmower.ubulk" 1594
"D:/Unreal Projects/PVZ/MyPVZ/Content/Sound/lawnmower.uasset" 1595
"D:/Unreal Projects/PVZ/MyPVZ/Content/Sound/lawnmower.uexp" 1596
"D:/Unreal Projects/PVZ/MyPVZ/Content/Map/Levels/Material/BPA_Car.uasset" 1597
"D:/Unreal Projects/PVZ/MyPVZ/Content/Map/Levels/Material/BPA_Car.uexp" 1598
"D:/Unreal Projects/PVZ/MyPVZ/Content/Res/Level/Material/sod1row.uasset" 1599
"D:/Unreal Projects/PVZ/MyPVZ/Content/Res/Level/Material/sod1row.uexp" 1600
"D:/Unreal Projects/PVZ/MyPVZ/Content/Res/Level/Material/sod1row_Sprite.uasset" 1601
"D:/Unreal Projects/PVZ/MyPVZ/Content/Res/Level/Material/sod1row_Sprite.uexp" 1602
"D:/Unreal Projects/PVZ/MyPVZ/Content/Map/Levels/Material/BPA_Ground.uasset" 1603
"D:/Unreal Projects/PVZ/MyPVZ/Content/Map/Levels/Material/BPA_Ground.uexp" 1604
"D:/Unreal Projects/PVZ/MyPVZ/Content/Map/Levels/Level2.uexp" 1605
"D:/Unreal Projects/PVZ/MyPVZ/Content/Map/Levels/Level2.umap" 1606
"D:/Unreal Projects/PVZ/MyPVZ/Content/Map/Levels/Level1.uexp" 1607
"D:/Unreal Projects/PVZ/MyPVZ/Content/Map/Levels/Level1.umap" 1608
